0,58,3,0,40,2,1,1,1,22,1,84,40,32,2300,7870,110000
1,34,3,0,10,1,1,5,1,16,1,168,40,51,?,7860,34500
2,57,2,0,15,8,1,5,1,16,1,100,30,51,?,8390,4700
3,17,?,0,?,?,?,5,2,15,2,?,?,714,?,?,0
4,42,1,0,20,1,1,1,1,22,1,92,45,21,5001,6990,120000
5,18,?,0,?,?,?,5,2,15,2,?,?,999,?,?,0
6,67,1,9500,?,?,?,1,1,21,1,?,3,142,2405,7390,4000
7,21,2,0,?,?,?,5,3,16,2,?,?,50,?,8590,0
8,18,1,0,5,?,12,5,3,19,2,105,10,84,?,4970,1100
10,43,2,0,50,?,4,5,1,16,1,68,24,335,?,9180,48000
11,83,?,0,?,?,?,4,1,15,1,?,?,290,?,?,0
12,71,7,3100,1,?,10,1,2,19,1,106,56,32,?,8660,36200
14,47,7,0,30,?,4,1,1,19,2,124,12,22,?,7890,5000
15,69,6,0,40,?,4,1,1,19,2,96,15,999,?,7070,0
16,53,5,0,45,2,1,1,1,21,2,229,40,51,2304,9380,40000
18,49,1,0,45,1,1,1,1,16,1,79,48,50,?,770,120000
20,57,1,3000,?,?,?,1,1,22,1,?,?,142,2304,7860,0
22,18,?,0,?,?,?,5,2,19,1,?,?,370,?,?,0
23,41,4,0,10,1,1,1,1,24,1,102,40,50,5506,7870,100000
24,55,?,0,?,?,?,1,1,15,1,?,?,275,?,?,0
25,57,1,0,20,1,1,1,1,15,1,92,40,999,?,8770,25000
26,55,1,0,35,?,2,4,3,20,2,77,60,261,?,570,55000
27,34,1,0,20,1,1,1,1,21,1,98,45,190,6203,6970,40000
28,42,?,0,?,?,?,5,1,15,2,?,?,902,?,?,0
29,71,?,0,?,?,?,3,1,22,2,?,?,195,6402,?,0
30,80,?,0,?,?,?,3,1,15,1,?,?,999,?,?,0
31,20,2,0,38,1,1,5,2,19,1,122,3,999,?,9170,150
34,60,2,0,35,1,1,5,1,21,2,100,37,902,6001,9170,46300
35,28,1,0,30,1,1,5,1,16,1,58,38,88,?,8680,21000
36,22,1,0,5,1,1,5,1,15,1,227,15,50,?,5390,8000
37,40,?,0,?,?,?,1,1,15,2,?,?,706,?,?,0
38,56,1,0,10,1,1,4,1,21,1,96,50,51,6206,2190,120000
39,70,?,0,?,?,?,1,1,16,1,?,?,32,?,?,0
40,49,3,0,75,?,6,1,1,23,1,109,40,51,6402,9470,120000
41,70,?,0,?,?,?,5,1,22,2,?,?,50,3600,?,0
42,53,7,0,1,1,1,1,1,17,1,124,70,195,?,7380,58000
43,54,3,0,30,1,1,1,1,16,1,52,40,999,?,9370,30000
44,27,1,0,15,1,1,5,1,16,2,73,37,939,?,8680,16900
45,47,?,0,?,?,?,5,1,15,1,?,?,51,?,?,0
46,46,4,14000,30,1,1,1,1,16,1,82,40,999,?,8190,70000
47,19,1,0,30,?,10,5,1,18,1,94,40,50,?,8680,17000
48,35,1,0,?,?,?,5,1,21,2,?,60,32,6212,6490,100000
49,31,2,0,20,?,4,5,1,22,2,128,40,210,5200,9170,50000
50,65,?,2000,?,?,?,2,1,16,2,?,?,50,?,?,0
51,57,2,0,10,1,1,5,2,20,1,171,40,51,?,2870,70000
52,62,6,0,15,1,1,1,1,21,2,85,25,51,6000,7370,0
53,32,1,0,10,?,9,1,1,24,1,102,40,291,6100,7870,189000
54,47,1,0,?,?,?,5,2,19,1,?,40,50,?,7680,7000
55,51,?,0,?,?,?,4,1,24,2,?,?,261,4901,?,0
56,58,?,0,?,?,?,3,1,16,2,?,?,51,?,?,0
58,84,?,0,?,?,?,1,1,21,2,?,?,22,6107,?,0
59,47,?,0,?,?,?,1,1,15,2,?,?,706,?,?,0
60,88,?,0,?,?,?,2,1,16,2,?,?,88,?,?,0
61,32,3,0,60,1,1,1,1,22,2,84,40,51,2304,7860,72000
62,60,2,0,9,?,10,1,1,21,2,95,35,275,5200,7860,11000
63,63,1,0,?,?,?,1,1,17,1,?,10,125,?,4690,11700
64,55,2,0,15,1,1,1,1,22,2,106,50,22,5507,7870,78000
65,23,2,0,20,1,1,5,1,16,2,176,48,50,?,8270,40000
67,42,1,0,?,?,?,1,1,16,2,?,?,50,?,6870,0
68,28,?,0,?,?,?,1,1,15,2,?,?,223,?,?,0
69,35,1,0,?,?,?,5,1,16,1,?,?,750,?,4585,0
70,31,1,0,15,1,1,1,1,21,2,97,26,51,2901,6970,24000
72,61,6,0,15,1,1,1,1,20,1,103,40,51,?,9290,0
73,64,1,0,15,3,1,1,1,15,2,124,45,999,?,8090,50000
74,37,1,0,10,1,1,1,1,21,2,96,40,22,2406,7290,65000
75,36,1,0,10,?,10,5,1,15,1,120,60,210,?,4970,25000
76,39,1,0,25,1,1,1,1,16,2,65,37,261,?,7590,40000
77,80,?,0,?,?,?,5,1,15,1,?,?,902,?,?,0
78,66,?,0,?,?,?,1,1,20,2,?,?,3,?,?,0
79,40,3,0,10,?,10,1,1,19,2,122,25,50,?,7860,9000
80,61,?,0,?,?,?,1,1,16,1,?,?,195,?,?,0
81,46,2,0,30,1,1,3,3,20,2,101,40,24,?,8190,28000
82,26,1,0,35,?,4,5,1,21,2,107,40,142,2001,6570,42800
83,26,1,0,30,?,10,5,1,17,2,94,15,261,?,4770,2000
84,60,3,0,10,1,1,1,1,22,2,84,48,26,2300,7860,80000
85,87,?,0,?,?,?,2,1,16,1,?,?,939,?,?,0
86,56,1,0,30,1,1,1,1,16,1,88,45,275,?,570,65000
87,48,1,0,?,?,?,1,1,22,2,?,?,999,5200,4970,0
88,72,?,0,?,?,?,1,1,16,2,?,?,999,?,?,0
89,60,1,0,35,1,1,1,1,19,2,113,30,51,?,6070,28000
90,36,7,0,?,?,11,1,1,16,1,?,80,51,?,770,60000
91,30,2,0,65,?,4,1,1,21,1,155,38,939,6001,6570,45000
92,71,?,600,?,?,?,1,1,21,2,?,?,148,1901,?,0
93,64,6,0,?,?,11,1,1,18,1,?,40,22,?,7370,0
94,47,3,0,45,?,4,3,1,16,1,103,40,51,?,770,30000
95,44,1,1000,60,1,1,1,1,19,2,100,45,999,?,8170,42000
96,25,1,0,90,?,4,5,1,15,2,88,20,261,?,5390,13700
97,79,?,15200,?,?,?,5,1,16,2,?,?,142,?,?,0
98,58,1,10000,30,1,1,1,1,23,1,106,40,125,5501,7880,300000
99,87,?,0,?,?,?,1,1,15,2,?,?,999,?,?,0
100,64,1,0,25,2,1,1,1,21,1,79,40,750,2415,5570,44000
101,70,3,2000,35,1,1,3,1,22,2,98,45,51,6107,8190,120000
102,54,1,0,30,1,1,1,1,22,1,94,60,902,2414,7380,154000
104,57,7,5000,25,1,1,5,1,23,1,108,40,998,5501,7270,40000
105,46,1,0,?,?,?,1,1,17,1,?,56,999,?,7070,17800
106,69,?,0,?,?,?,1,1,21,2,?,?,939,6107,?,0
107,43,1,0,20,1,1,1,1,21,1,98,40,999,3600,7390,60000
108,95,?,0,?,?,?,2,1,16,2,?,?,51,?,?,0
109,76,2,0,?,?,?,2,1,16,2,?,?,434,?,8290,0
110,30,1,0,45,?,4,5,1,17,2,91,30,291,?,8780,31000
111,29,1,0,30,?,4,1,1,21,2,106,35,142,6203,7270,75000
112,88,?,0,?,?,?,1,1,22,1,?,?,998,6209,?,0
113,50,1,0,40,?,4,5,1,19,1,96,40,51,?,6870,110000
114,34,2,0,60,1,1,5,1,21,2,106,35,275,6203,6990,76000
115,46,1,0,10,1,1,1,1,16,2,93,40,51,?,6990,42000
116,87,?,4200,?,?,?,1,1,21,1,?,?,50,5504,?,0
117,25,?,0,?,?,?,5,1,21,1,?,?,615,6106,?,0
119,28,3,0,60,?,4,5,1,21,2,190,35,314,6105,8190,64000
121,63,?,0,?,?,?,1,1,16,2,?,?,999,?,?,0
122,63,?,0,?,?,?,1,1,16,1,?,?,32,?,?,0
123,78,?,16800,?,?,?,2,1,16,2,?,?,999,?,?,0
124,27,1,0,7,1,1,5,1,15,2,197,20,999,?,8680,17000
125,43,6,0,60,?,4,5,1,15,2,202,44,235,?,8470,0
126,19,1,0,7,1,1,5,2,19,1,239,23,21,?,8680,12000
127,41,1,0,20,1,1,1,1,24,1,77,60,706,2402,8190,350000
129,22,1,0,20,1,1,5,2,20,1,80,20,51,?,5380,11000
130,50,6,0,?,?,?,1,1,18,1,?,30,22,?,1790,0
131,73,?,0,?,?,?,1,1,15,1,?,?,32,?,?,0
133,70,?,0,?,?,?,1,1,19,2,?,?,225,?,?,0
134,38,1,0,40,1,1,1,1,15,2,108,20,290,?,5275,12000
135,60,1,20000,25,1,1,3,1,21,2,102,40,32,3301,8390,38000
137,66,?,0,?,?,?,1,1,21,2,?,?,142,6107,?,0
138,35,1,0,25,?,4,1,1,21,2,111,45,750,6004,5170,185000
140,63,?,3500,?,?,?,1,1,19,1,?,?,181,?,?,0
141,44,1,40,35,1,1,1,1,20,2,74,36,51,?,8190,75000
142,87,?,0,?,?,?,3,1,16,2,?,?,903,?,?,0
143,31,1,0,45,?,4,5,1,19,1,93,30,210,?,8680,21100
144,31,?,0,?,?,?,1,1,21,2,?,?,599,5501,?,0
145,57,5,0,35,1,1,3,1,19,1,77,40,235,?,9590,44000
146,42,5,8100,30,?,4,1,1,21,1,88,50,51,2406,9470,70000
147,59,3,0,40,1,1,1,1,22,2,93,40,32,2304,7860,120000
148,62,4,0,?,?,?,1,1,16,1,?,40,32,?,7860,60000
149,63,1,0,5,1,1,1,1,19,2,95,40,291,?,6870,39000
150,47,1,0,40,1,1,1,1,15,1,102,40,290,?,7770,29000
151,60,1,0,25,1,1,1,1,16,1,33,60,50,?,6170,9000
153,69,6,20000,40,1,1,1,1,23,1,132,28,999,6002,8080,0
154,69,1,0,?,?,?,1,1,15,1,?,?,51,?,2380,0
155,88,?,0,?,?,?,1,1,16,1,?,?,50,?,?,0
157,62,3,80,?,?,?,1,1,22,1,?,35,51,6100,8190,85000
159,19,?,0,?,?,?,5,1,15,1,?,?,50,?,?,0
160,24,1,0,?,?,?,5,1,21,1,?,40,706,2102,7670,7000
161,65,?,0,?,?,?,3,1,15,2,?,?,290,?,?,0
162,27,1,0,10,?,4,5,1,21,1,90,70,195,5501,6870,100000
163,42,2,0,13,1,1,1,1,21,2,102,40,615,2102,6970,113000
165,42,2,0,?,?,11,5,1,23,1,?,40,714,4801,9160,3800
166,27,1,0,?,?,?,5,1,20,1,?,40,706,?,9070,7700
167,60,1,0,20,1,1,5,1,16,1,29,40,26,?,7870,29000
168,27,1,0,20,?,4,1,3,22,2,86,40,999,2300,7970,115000
169,61,3,0,20,1,1,3,1,16,2,92,40,406,?,7860,40000
170,31,6,0,45,?,4,1,1,21,1,121,30,570,6001,8560,0
172,21,1,0,20,1,1,5,2,20,2,182,8,429,?,8680,500
173,61,2,0,30,1,1,3,1,21,1,106,40,97,5502,8370,37000
174,35,6,0,3,1,1,1,3,19,1,106,40,51,?,8560,0
175,45,2,0,70,?,10,5,1,22,1,120,50,995,6002,7590,90000
177,20,1,0,8,1,1,5,1,16,1,92,40,32,?,8770,7500
178,44,3,0,20,1,1,1,1,22,2,86,35,51,5201,7860,89000
179,95,?,0,?,?,?,2,1,15,2,?,?,336,?,?,0
180,67,1,0,?,?,?,1,1,15,2,?,50,308,?,6190,43700
181,35,4,0,20,1,1,5,1,19,2,92,38,32,?,9480,43000
182,50,1,0,50,?,4,3,1,15,2,92,30,234,?,9290,11700
183,48,1,0,?,?,?,5,1,21,1,?,45,999,2499,1270,15000
184,29,1,0,30,?,4,5,1,21,1,112,40,720,6004,6670,60000
185,43,3,0,90,1,1,1,1,16,1,112,40,261,?,9470,97000
186,34,?,0,?,?,?,5,1,15,1,?,?,900,?,?,0
187,67,3,0,?,?,?,1,1,22,1,?,?,190,6402,8090,0
188,76,?,0,?,?,?,5,1,15,2,?,?,902,?,?,0
189,55,1,0,30,1,1,1,1,19,2,106,48,275,?,8170,20000
190,28,1,329000,25,?,4,5,1,21,1,105,55,706,5501,7390,7000
192,74,?,0,?,?,?,1,1,16,2,?,?,271,?,?,0
193,67,?,0,?,?,?,1,1,17,1,?,?,51,?,?,0
194,75,?,30,?,?,?,1,1,19,2,?,?,22,?,?,0
195,22,1,0,?,?,?,5,2,21,2,?,?,234,5200,7870,0
197,47,7,0,20,1,1,1,1,20,2,90,40,999,?,7590,35000
198,72,1,0,60,1,1,1,1,21,1,94,32,32,5506,4680,60000
199,60,3,0,?,?,?,3,1,16,1,?,40,142,?,770,85000
200,55,1,0,95,?,5,1,1,24,2,101,40,142,3600,8190,150000
202,45,?,0,?,?,?,1,1,21,2,?,?,931,5200,?,0
203,46,1,0,10,1,1,1,1,20,1,90,40,51,?,770,80000
204,35,?,0,?,?,?,1,2,17,2,?,?,996,?,?,0
205,54,?,0,?,?,?,5,1,15,1,?,?,261,?,?,0
207,51,2,30,15,1,1,1,1,24,1,91,40,51,3700,7870,67000
209,21,1,0,20,1,1,5,2,19,2,94,40,999,?,7970,23000
210,31,1,0,5,?,10,5,1,16,2,95,40,902,?,770,42000
211,57,2,0,35,1,1,1,1,22,2,101,50,187,3301,9160,76000
212,18,2,0,?,?,?,5,3,18,2,?,20,51,?,7860,1300
214,24,1,0,20,1,1,5,1,19,2,242,25,999,?,6870,25000
215,81,?,0,?,?,?,2,1,15,1,?,?,935,?,?,0
216,59,2,0,20,1,1,1,1,23,1,110,80,142,3600,7870,638000
217,58,1,0,90,?,2,5,1,19,2,94,40,902,?,8180,40600
218,42,?,0,?,?,?,5,1,18,1,?,?,750,?,?,0
219,55,1,100,105,1,1,1,1,16,1,79,52,370,?,3490,89000
220,63,?,0,?,?,?,1,1,17,2,?,?,999,?,?,0
221,25,3,0,15,1,1,5,1,22,2,81,40,924,3600,7860,26000
222,74,?,0,?,?,?,1,1,16,2,?,?,142,?,?,0
224,48,1,0,30,1,1,3,1,16,1,64,60,32,?,1070,60000
226,26,?,0,?,?,?,5,1,15,1,?,?,902,?,?,0
227,80,?,11000,?,?,?,5,1,16,2,?,?,51,?,?,0
228,58,?,0,?,?,?,5,1,22,1,?,?,995,6004,?,0
229,78,?,14000,?,?,?,1,1,16,2,?,?,51,?,?,0
230,76,?,7500,?,?,?,1,1,22,2,?,?,22,2309,?,0
231,73,1,0,138,1,1,3,1,19,1,94,40,50,?,5070,110000
232,21,3,0,30,?,4,5,2,20,2,88,15,496,?,7860,3000
233,27,1,1000,30,?,4,5,1,23,2,115,60,142,4801,7270,190000
234,53,4,0,60,?,4,5,1,21,1,94,40,998,6109,8190,73000
235,46,7,0,30,1,1,1,1,16,1,100,40,680,?,770,30000
236,53,1,0,45,1,1,3,1,19,1,109,45,32,?,4090,65000
237,50,?,0,?,?,?,1,1,17,2,?,?,999,?,?,0
239,59,7,59000,20,1,1,1,1,19,1,104,40,51,?,770,6500
240,54,1,0,25,1,1,1,1,20,1,63,40,32,?,2190,73000
241,67,?,13100,?,?,?,5,1,20,1,?,?,88,?,?,0
242,41,1,0,15,2,1,1,1,16,2,145,40,308,?,8680,26000
243,78,?,0,?,?,?,3,1,20,2,?,?,308,?,?,0
244,15,?,0,?,?,?,5,2,15,2,?,?,32,?,?,0
245,75,?,329000,?,?,?,1,1,16,1,?,?,999,?,?,0
246,95,?,190,?,?,?,2,1,16,2,?,?,187,?,?,0
247,45,2,0,30,1,1,2,1,22,2,100,40,22,2304,7860,47000
248,78,?,0,?,?,?,1,1,15,1,?,?,51,?,?,0
250,32,1,0,20,1,1,1,1,21,1,92,40,32,6207,4560,60000
252,55,?,0,?,?,?,5,1,19,1,?,?,939,?,?,0
255,72,?,20000,?,?,?,5,1,19,2,?,?,999,?,?,0
256,33,3,0,60,?,2,5,1,16,2,178,52,308,?,8170,35000
257,29,3,0,10,1,1,5,1,16,1,90,40,999,?,8190,45000
258,58,2,0,10,1,1,1,1,21,2,96,50,142,6001,8190,100000
260,60,?,0,?,?,?,1,1,21,1,?,?,50,5301,?,0
261,31,3,0,50,2,1,1,1,22,2,80,40,50,6203,7860,60000
263,57,?,0,?,?,?,1,1,20,1,?,?,50,?,?,0
264,18,?,0,?,?,?,5,3,16,2,?,?,902,?,?,0
265,61,7,0,?,?,11,1,1,21,1,?,43,148,6206,5480,75000
266,34,1,1100,45,?,4,5,1,21,2,110,42,706,6201,6970,116000
267,44,2,0,15,1,1,5,1,15,2,82,17,88,?,8390,4100
269,24,1,30000,20,1,1,5,1,20,2,104,35,999,?,8980,35000
270,30,1,0,?,?,?,1,1,22,2,?,?,32,6211,7470,0
271,71,?,0,?,?,?,1,1,21,2,?,?,142,2300,?,0
272,32,2,0,5,1,1,1,1,23,1,101,30,999,2406,8190,20000
273,46,7,0,100,1,1,1,1,21,2,114,50,50,6206,9090,86000
275,16,?,0,?,?,?,5,2,15,2,?,?,902,?,?,0
276,64,?,0,?,?,?,2,1,20,1,?,?,32,?,?,0
277,40,1,0,60,1,1,1,1,21,1,88,45,50,5301,7570,139000
278,60,2,0,75,1,1,1,1,15,1,67,40,142,?,8290,50000
282,15,?,0,?,?,?,5,2,15,2,?,?,924,?,?,0
283,57,?,0,?,?,?,1,1,19,1,?,?,903,?,?,0
285,59,1,0,50,1,1,1,1,21,2,95,50,50,6207,6870,165000
286,61,?,100,?,?,?,1,1,22,2,?,?,21,2300,?,0
288,28,1,0,60,1,1,5,1,18,1,115,40,261,?,2870,37000
289,52,1,0,60,?,2,5,1,19,2,70,40,902,?,5380,48000
290,40,2,0,60,1,1,1,1,22,2,94,40,51,5507,8370,49000
291,62,?,0,?,?,?,5,1,15,1,?,?,999,?,?,0
292,64,1,0,?,?,?,2,1,18,2,?,?,553,?,8660,0
294,19,1,0,?,?,?,5,1,16,1,?,18,999,?,8680,1800
295,25,1,0,20,?,2,1,2,20,1,98,32,902,?,4795,29000
296,56,1,0,20,2,1,3,1,16,2,92,40,939,?,7270,55000
297,42,1,0,60,?,4,5,1,15,2,274,40,902,?,6080,17000
298,41,2,0,105,?,4,1,1,19,1,139,40,902,?,7070,62000
299,49,1,20700,30,2,1,1,1,22,2,100,40,680,5501,8190,104000
300,71,?,0,?,?,?,3,1,16,1,?,?,32,?,?,0
301,69,?,2000,?,?,?,1,1,21,1,?,?,32,2306,?,0
302,89,3,100,?,?,?,2,1,16,1,?,?,142,?,9370,0
303,24,1,0,20,1,1,5,2,20,2,98,40,51,?,8680,25000
304,65,?,0,?,?,?,5,1,15,1,?,?,902,?,?,0
305,29,6,0,25,?,4,5,1,24,2,93,50,706,3611,7990,0
306,68,?,0,?,?,?,1,1,16,2,?,?,998,?,?,0
307,82,?,500,?,?,?,2,1,16,2,?,?,32,?,?,0
308,23,1,0,?,?,?,5,1,16,1,?,35,931,?,4690,16500
309,83,?,0,?,?,?,1,1,22,2,?,?,902,6107,?,0
310,85,?,0,?,?,?,2,1,21,2,?,?,32,2309,?,0
311,69,?,50,?,?,?,1,1,16,1,?,?,171,?,?,0
312,32,3,0,45,1,1,5,1,21,1,103,40,999,3202,7790,50000
313,21,?,0,?,?,?,5,1,16,2,?,?,261,?,?,0
315,36,1,25200,18,1,1,1,2,20,1,73,40,51,?,770,51000
316,54,6,0,?,?,?,5,1,16,2,?,40,902,?,8170,0
319,17,?,0,?,?,?,5,3,15,1,?,?,125,?,?,0
320,25,1,0,60,1,1,5,1,16,1,88,50,999,?,770,67000
321,32,3,0,?,?,?,5,1,22,1,?,35,11,6006,9470,43000
322,32,1,0,30,?,4,5,1,21,1,118,50,21,4007,8560,60000
326,68,?,0,?,?,?,1,1,21,2,?,?,46,5507,?,0
327,53,1,0,40,1,1,1,1,20,2,93,40,32,?,7970,49000
329,73,?,590,?,?,?,3,1,16,2,?,?,939,?,?,0
331,45,6,40000,?,?,11,3,1,16,2,?,20,51,?,8980,5000
332,15,?,0,?,?,?,5,2,15,1,?,?,924,?,?,0
333,75,1,0,50,1,1,1,1,21,1,110,50,51,5506,6780,70000
334,18,?,0,?,?,?,5,2,16,2,?,?,999,?,?,0
335,18,2,0,?,?,?,5,2,18,1,?,35,999,?,8470,5800
337,39,2,0,45,?,2,5,1,21,1,103,50,261,1901,7890,10000
338,41,1,0,20,1,1,1,1,23,2,107,20,924,4801,7270,47500
339,64,3,4400,10,1,1,2,1,21,2,98,16,22,2304,7860,8000
340,38,3,0,?,?,?,1,1,22,2,?,40,50,6402,7860,125000
341,35,1,20,20,1,1,5,1,22,2,92,40,271,5200,4795,15000
342,55,7,0,75,1,1,1,1,21,2,91,45,51,6200,3895,72000
343,44,1,0,5,1,1,5,1,16,1,65,48,50,?,1170,48000
344,44,7,0,2,2,1,1,1,19,1,82,40,999,?,7380,60000
345,31,1,0,90,?,5,5,1,23,1,100,40,999,1901,7860,70000
346,63,1,0,5,1,1,1,3,20,2,215,40,795,?,3390,23000
347,33,2,0,?,?,?,1,1,18,2,?,20,275,?,8090,12500
348,27,1,0,30,?,4,5,1,22,2,112,40,84,2500,7870,4000
349,77,?,2000,?,?,?,1,1,21,1,?,?,142,6201,?,0
351,55,1,0,?,?,?,2,1,16,2,?,40,999,?,8170,9000
352,66,6,0,20,2,1,3,1,22,2,86,45,148,2400,7690,0
353,18,?,0,?,?,?,5,2,16,2,?,?,336,?,?,0
355,21,1,0,15,1,1,5,1,16,2,87,40,32,?,8190,25000
356,51,6,0,45,1,1,1,1,19,2,97,40,999,?,9290,0
357,61,4,0,?,?,?,1,1,22,2,?,?,50,5200,7860,0
358,65,?,0,?,?,?,2,1,15,2,?,?,51,?,?,0
359,24,1,0,35,1,1,5,1,19,2,81,40,261,?,5170,28200
360,28,2,0,40,?,4,5,1,21,2,210,40,902,1901,9170,65000
361,56,?,0,?,?,?,1,1,16,2,?,?,50,?,?,0
362,22,1,0,?,?,?,5,3,19,2,?,40,32,?,8470,24000
363,34,1,0,75,?,4,5,1,18,2,109,40,999,?,7860,30000
364,15,?,0,?,?,?,5,2,15,1,?,?,939,?,?,0
365,69,?,600,?,?,?,1,1,23,1,?,?,795,5003,?,0
367,27,?,0,?,?,?,5,1,16,1,?,?,902,?,?,0
368,25,1,0,50,?,4,5,1,22,2,104,40,999,6100,8190,50000
369,31,1,0,15,?,10,5,1,15,1,94,40,222,?,8780,14000
370,69,3,0,?,?,?,2,1,15,2,?,?,553,?,6180,0
371,20,?,0,?,?,?,5,2,19,2,?,?,999,?,?,0
372,72,?,0,?,?,?,1,1,22,2,?,?,720,2304,?,0
373,79,?,6900,?,?,?,1,1,16,2,?,?,51,?,?,0
377,37,6,0,?,?,11,5,1,16,2,?,32,902,?,8470,0
378,27,1,0,138,1,1,1,1,16,1,74,40,50,?,770,100000
379,30,1,0,20,1,1,5,1,21,1,206,40,82,2599,7290,46000
381,44,1,0,65,?,5,1,1,22,2,98,40,997,4801,6970,220000
382,37,1,0,60,?,2,5,1,19,1,148,40,902,?,6870,30000
383,30,4,0,45,3,1,5,1,18,1,89,38,50,?,9570,17400
385,40,1,0,60,?,5,1,1,21,1,103,45,706,3700,6970,155000
387,60,6,0,30,1,1,3,1,20,2,112,45,148,?,9090,0
388,46,5,0,45,1,1,1,1,21,1,139,60,51,1103,9490,140000
389,34,1,0,10,2,1,1,1,18,2,67,40,999,?,7970,29000
390,61,1,0,20,1,1,1,1,22,2,128,12,51,3600,7460,20000
391,42,1,0,?,?,?,1,1,22,1,?,?,599,6110,8180,0
392,31,1,0,30,?,4,1,1,20,1,91,40,171,?,3895,45000
393,24,1,0,90,?,4,5,1,21,1,88,30,902,2001,7860,13000
394,39,1,0,5,?,10,4,1,19,2,107,35,261,?,5390,27000
395,19,1,0,?,?,?,5,1,15,1,?,?,26,?,4470,0
396,34,1,0,10,1,1,5,1,16,1,80,40,50,?,770,44000
397,53,1,0,20,1,1,2,1,16,1,98,40,51,?,1990,65000
398,38,4,0,15,1,1,1,1,23,1,103,40,148,5501,9370,135000
399,20,1,100,?,?,?,5,3,19,1,?,?,50,?,6970,0
400,66,?,0,?,?,?,3,1,15,1,?,?,50,?,?,0
401,59,7,0,15,1,1,3,1,15,1,145,40,51,?,7070,25000
402,83,?,0,?,?,?,2,1,24,2,?,?,50,2901,?,0
403,53,1,0,40,1,1,1,1,20,1,102,40,999,?,8590,40000
404,39,3,0,?,?,?,1,1,22,2,?,?,290,2300,7860,0
405,88,?,0,?,?,?,5,1,15,2,?,?,226,?,?,0
407,75,?,0,?,?,?,1,1,16,2,?,?,999,?,?,0
408,68,?,0,?,?,?,1,1,16,2,?,?,142,?,?,0
409,22,1,0,?,?,?,1,3,21,2,?,?,917,5200,5170,0
410,59,1,0,20,1,1,1,1,15,2,80,42,26,?,8470,13500
411,19,1,0,?,?,?,5,2,19,1,?,25,795,?,5080,3000
412,22,1,0,40,?,2,5,1,21,2,114,40,706,6210,7270,30000
413,46,?,0,?,?,?,5,1,16,1,?,?,902,?,?,0
414,32,5,0,15,?,10,3,1,21,2,217,40,902,2201,6370,34000
417,47,1,0,?,?,11,1,1,22,1,?,40,32,5098,3580,80000
418,17,?,0,?,?,?,5,2,18,1,?,?,50,?,?,0
419,67,?,0,?,?,?,5,1,16,1,?,?,51,?,?,0
420,40,?,0,?,?,?,5,1,16,2,?,?,999,?,?,0
422,22,2,0,20,1,1,5,3,19,1,134,8,51,?,7890,2200
423,15,?,0,?,?,?,5,2,15,1,?,?,939,?,?,0
424,68,3,0,?,?,?,2,1,16,2,?,?,314,?,7860,0
425,87,?,0,?,?,?,5,1,21,2,?,?,902,5404,?,0
426,52,?,0,?,?,?,1,1,16,1,?,?,999,?,?,0
427,88,?,60000,?,?,?,2,1,16,2,?,?,32,?,?,0
428,38,1,20,30,?,4,1,1,19,1,100,41,32,?,5370,49000
429,15,?,0,?,?,?,5,2,15,2,?,?,999,?,?,0
430,60,2,0,10,1,1,3,1,20,2,99,40,50,?,8170,70000
431,95,7,329000,?,?,?,2,1,16,1,?,?,50,?,5680,0
434,16,?,0,?,?,?,5,3,15,1,?,?,50,?,?,0
436,59,1,0,20,1,1,5,1,19,1,176,40,924,?,3960,52000
437,18,?,0,?,?,?,5,1,16,2,?,?,706,?,?,0
438,73,?,0,?,?,?,1,1,19,1,?,?,50,?,?,0
439,53,2,0,25,1,1,3,1,21,1,57,40,995,3301,7290,100000
440,81,3,0,1,?,10,3,1,20,2,106,39,999,?,8370,31200
441,30,1,0,11,1,1,5,2,21,1,81,15,142,5502,5280,6600
442,28,1,0,5,?,10,5,1,23,2,94,50,32,6107,8190,55000
443,87,2,8400,2,2,1,1,1,24,1,124,99,22,6402,9160,20800
444,57,7,3600,15,2,1,1,1,23,1,97,50,998,3600,7980,300000
445,84,?,0,?,?,?,2,1,16,1,?,?,50,?,?,0
446,85,3,0,?,?,?,1,1,16,1,?,?,939,?,9390,0
447,16,?,0,?,?,?,5,2,15,2,?,?,261,?,?,0
448,59,1,0,10,1,1,1,1,20,2,99,35,999,?,6990,42300
449,80,?,0,?,?,?,5,1,16,2,?,?,302,?,?,0
450,20,1,0,?,?,?,5,2,19,1,?,?,51,?,8680,0
451,81,?,0,?,?,?,1,1,21,2,?,?,706,2414,?,0
452,65,?,0,?,?,?,1,1,15,1,?,?,26,?,?,0
454,36,1,250,60,?,4,1,1,21,1,115,50,12,3700,7470,250000
455,68,1,5000,?,?,?,1,1,22,1,?,?,32,2102,3365,0
456,24,1,0,?,?,?,5,1,21,2,?,?,51,6107,7460,0
457,17,1,0,15,2,1,5,2,15,1,199,20,32,?,5580,8000
458,58,1,0,30,1,1,1,1,20,2,58,42,125,?,3370,37300
459,41,1,0,5,1,1,1,1,16,2,99,40,939,?,6870,52000
461,24,6,0,15,1,1,5,1,21,1,91,40,999,2406,8560,0
462,75,1,0,30,?,2,1,1,22,2,76,40,231,3700,7870,90000
463,45,1,0,?,?,?,1,1,21,2,?,?,400,6201,5380,0
464,35,1,0,5,?,4,5,1,21,2,95,40,902,5200,8190,150000
465,78,1,30000,?,?,11,1,1,21,1,?,25,51,6200,6970,638000
466,48,2,0,20,1,1,5,1,20,2,92,38,50,?,8190,38000
468,55,6,0,20,?,4,5,1,19,1,74,20,924,?,8590,0
469,16,?,0,?,?,?,5,3,15,2,?,?,939,?,?,0
470,78,1,0,8,2,1,2,1,15,1,269,40,999,?,7580,53000
471,45,1,0,?,?,?,4,1,15,1,?,40,252,?,6170,50000
472,47,1,0,40,1,1,1,1,21,1,81,50,109,2599,2190,70000
473,19,1,0,?,?,?,5,2,18,2,?,25,902,?,5380,15000
474,62,4,0,?,?,?,1,1,21,2,?,40,170,6107,8170,15000
475,75,?,0,?,?,?,1,1,16,2,?,?,22,?,?,0
476,58,?,0,?,?,?,1,1,16,2,?,?,32,?,?,0
477,74,?,0,?,?,?,1,1,15,2,?,?,275,?,?,0
478,45,6,0,20,1,1,1,1,19,2,116,25,50,?,8980,0
479,49,1,0,10,1,1,1,1,16,1,72,50,599,?,6190,34000
480,45,1,0,25,?,10,1,1,16,2,105,42,996,?,5170,42500
481,36,1,3000,45,?,4,1,1,21,1,97,45,999,5098,7270,638000
482,45,1,0,?,?,?,1,1,15,1,?,?,50,?,7680,0
483,69,?,18000,?,?,?,3,1,21,2,?,?,22,2399,?,0
484,69,1,0,3,1,1,1,1,16,2,153,8,87,?,7270,4500
485,44,1,0,90,?,2,5,1,21,2,88,40,999,1901,7390,185000
486,67,5,0,?,?,?,5,1,21,1,?,?,51,2313,9480,0
487,16,?,5000,?,?,?,5,3,15,1,?,?,22,?,?,0
489,71,?,55000,?,?,?,2,1,15,2,?,?,314,?,?,0
490,86,3,0,?,?,?,2,1,17,2,?,?,50,?,7860,0
491,32,3,0,10,1,1,4,1,22,2,102,20,51,5301,9370,11000
492,45,2,0,35,1,1,1,1,19,2,98,40,22,?,8470,18000
493,50,3,0,40,1,1,1,1,22,1,34,40,490,5506,7860,140000
494,20,1,0,30,?,2,5,2,19,2,167,15,275,?,8470,10100
495,69,?,27100,?,?,?,1,1,22,2,?,?,998,2304,?,0
497,25,6,0,?,?,?,5,1,16,1,?,?,32,?,180,0
498,42,3,0,7,1,1,4,1,20,2,92,35,308,?,7860,45000
499,36,1,0,60,?,4,5,1,21,1,166,40,308,2201,8680,14900
500,78,?,0,?,?,?,5,1,21,2,?,?,902,2300,?,0
501,21,1,0,25,1,1,5,1,16,1,171,40,26,?,8590,21000
502,22,1,0,80,?,4,5,1,18,2,116,40,999,?,8190,27000
503,27,1,0,?,?,?,5,1,16,1,?,?,999,?,770,0
504,44,3,100,60,1,1,5,1,22,2,88,40,902,2300,7860,80000
505,30,1,0,?,?,?,5,1,21,2,?,?,999,5301,4980,0
506,64,3,0,?,?,?,1,1,22,2,?,12,51,2313,7860,24000
507,34,?,0,?,?,?,5,1,15,2,?,?,200,?,?,0
508,79,?,0,?,?,?,1,1,15,2,?,?,237,?,?,0
509,69,3,-1400,?,?,?,5,1,21,1,?,?,903,5507,9480,0
510,27,2,0,45,?,4,5,3,21,2,103,45,32,5506,7870,65000
511,57,1,0,30,1,1,5,1,15,2,71,40,902,?,8190,28100
512,56,?,0,?,?,?,4,1,19,2,?,?,920,?,?,0
513,45,2,0,15,1,1,1,1,22,1,89,50,50,6206,7860,95000
515,88,?,60000,?,?,?,1,1,23,1,?,?,142,5500,?,0
516,37,1,0,15,1,1,5,1,21,2,90,30,50,6104,7980,30000
517,80,?,0,?,?,?,2,1,21,2,?,?,335,5200,?,0
518,36,3,0,25,?,10,5,1,21,2,96,35,939,6005,9480,49000
519,47,1,0,20,1,1,1,1,16,1,91,40,50,?,3570,72000
520,58,1,0,35,1,1,5,1,21,2,77,60,51,5200,6290,52000
523,60,7,0,18,1,1,1,1,23,1,109,40,190,3600,7270,10000
524,53,?,0,?,?,?,2,1,15,2,?,?,795,?,?,0
525,44,1,0,15,?,4,1,1,21,1,91,55,50,3301,6470,638000
526,79,?,4100,?,?,?,2,1,16,2,?,?,32,?,?,0
527,24,5,0,?,?,?,5,3,21,1,?,?,142,6200,9870,0
528,19,1,0,?,?,?,5,2,19,2,?,40,50,?,4170,5000
529,46,1,0,60,1,1,5,1,22,1,86,45,999,6402,7470,155000
530,52,1,0,?,?,?,5,1,20,1,?,40,903,?,3895,20100
531,38,?,0,?,?,?,1,1,20,2,?,?,51,?,?,0
532,16,1,0,20,1,1,5,2,15,1,50,40,999,?,8590,1100
533,85,?,108000,?,?,?,2,1,20,2,?,?,32,?,?,0
534,73,?,0,?,?,?,3,1,16,2,?,?,261,?,?,0
535,86,?,0,?,?,?,2,1,19,2,?,?,142,?,?,0
537,52,1,50,28,1,1,1,1,20,2,99,30,939,?,6970,48000
539,64,1,0,20,1,1,1,1,16,2,92,35,51,?,7970,28000
540,65,7,0,45,?,4,2,1,20,1,215,40,999,?,5070,70000
542,60,1,0,60,?,5,1,1,21,1,78,55,51,3600,6870,300000
544,61,7,0,25,1,1,1,1,23,2,105,40,195,5200,7970,638000
545,18,9,0,?,?,?,5,2,18,2,?,?,290,?,9920,0
546,58,1,0,5,1,1,1,1,21,2,98,40,998,5507,7070,65000
547,76,?,20,?,?,?,2,1,20,2,?,?,740,?,?,0
548,44,1,3000,?,?,?,1,1,21,1,?,40,50,6203,4580,35000
549,58,1,15000,30,1,1,1,1,15,1,52,25,46,?,6190,12000
550,25,3,0,20,1,1,5,1,22,2,83,40,50,5200,7860,15000
551,43,1,0,?,?,?,1,1,19,2,?,?,275,?,8170,0
552,24,3,0,?,?,?,5,3,21,2,?,36,261,6211,7860,20000
553,63,?,0,?,?,?,1,1,16,1,?,?,939,?,?,0
554,66,?,0,?,?,?,2,1,16,2,?,?,999,?,?,0
556,28,5,0,45,1,1,1,1,18,1,79,70,336,?,9770,40000
557,63,3,0,?,?,?,1,1,16,1,?,?,51,?,680,0
558,58,1,0,75,?,4,1,1,19,2,211,40,706,?,7690,34000
559,88,?,0,?,?,?,2,1,15,2,?,?,902,?,?,0
560,70,5,0,?,?,?,1,1,21,1,?,?,51,2408,9570,0
561,59,1,0,15,1,1,1,1,19,2,112,20,148,?,6970,18000
562,18,1,0,16,1,1,2,2,19,1,91,22,924,?,4970,12000
563,28,?,0,?,?,?,1,1,21,2,?,?,999,6107,?,0
564,49,?,20000,?,?,?,5,1,20,2,?,?,902,?,?,0
565,39,3,0,60,?,4,1,1,16,1,274,40,939,?,6180,50000
566,43,1,750,15,1,1,3,1,22,2,133,40,615,2408,7680,122000
567,62,6,0,?,?,?,2,1,16,2,?,?,939,?,8170,0
568,41,?,0,?,?,?,1,1,17,2,?,?,706,?,?,0
570,27,2,0,40,1,1,5,1,22,2,94,50,924,5200,8370,43000
572,27,1,0,75,1,1,5,1,22,2,85,50,148,2307,7860,62000
573,78,?,960,?,?,?,1,1,16,1,?,?,22,?,?,0
575,67,?,0,?,?,?,1,1,21,1,?,?,902,3401,?,0
576,68,?,0,?,?,?,1,1,21,1,?,?,924,2501,?,0
577,18,?,0,?,?,?,5,2,19,2,?,?,999,?,?,0
578,25,3,0,30,1,1,5,3,22,2,86,45,51,2304,7860,56000
580,33,1,0,5,1,1,5,1,20,2,93,45,32,?,8590,27000
582,76,?,0,?,?,?,1,1,17,1,?,?,939,?,?,0
583,72,4,1200,?,?,?,1,1,16,1,?,?,50,?,570,0
584,51,1,0,40,1,1,1,1,16,1,102,72,999,?,7790,78000
585,16,?,0,?,?,?,5,3,15,1,?,?,195,?,?,0
586,44,1,0,20,1,1,1,1,15,1,92,45,924,?,8770,30000
587,54,1,0,12,2,1,3,1,16,2,75,40,26,?,8680,31000
589,34,1,0,75,?,5,5,1,22,2,103,40,261,3401,2280,95000
591,62,?,0,?,?,?,5,1,21,2,?,?,902,5507,?,0
592,95,?,0,?,?,?,2,1,15,2,?,?,903,?,?,0
593,20,7,0,90,?,4,5,1,15,1,82,40,999,?,770,40000
594,38,7,0,5,1,1,3,1,16,2,127,60,370,?,7880,30000
595,52,1,0,6,1,1,3,1,19,2,107,50,999,?,6990,90000
596,38,1,2000,90,?,4,1,1,22,1,88,55,999,3600,6870,638000
598,50,1,0,40,?,4,1,1,21,2,102,52,171,5501,6970,96000
599,54,3,14400,20,1,1,3,1,22,2,224,36,553,5507,8190,85000
601,45,1,0,35,1,1,5,1,20,2,101,50,308,?,770,110000
603,52,?,0,?,?,?,3,1,17,2,?,?,999,?,?,0
604,64,2,0,60,?,4,1,1,22,2,130,3,32,6003,9180,11400
605,60,1,0,45,1,1,3,1,18,1,223,40,999,?,570,101000
606,73,?,110,?,?,?,2,1,15,2,?,?,939,?,?,0
607,70,?,0,?,?,?,3,1,16,2,?,?,902,?,?,0
608,59,5,0,80,?,4,1,1,21,1,84,40,795,2408,6370,61000
610,29,1,3000,14,?,4,1,1,21,2,105,45,999,6211,5170,92000
611,39,1,0,20,?,2,1,1,15,1,80,40,706,?,2370,34000
612,49,1,0,5,1,1,1,1,17,1,71,45,22,?,3980,80000
613,35,1,20,20,1,1,1,1,22,2,104,40,706,2102,7280,18000
614,22,1,0,?,?,?,5,1,21,1,?,10,51,3600,7870,600
615,18,3,0,?,?,?,1,1,15,1,?,?,999,?,8390,0
617,86,?,0,?,?,?,1,1,16,1,?,?,51,?,?,0
618,34,5,0,?,?,?,1,1,19,1,?,40,720,?,9680,33000
619,24,1,0,?,?,?,5,2,16,1,?,24,32,?,8590,1800
620,58,?,0,?,?,?,1,1,21,2,?,?,50,6199,?,0
621,26,1,0,60,?,4,5,1,21,2,106,40,148,1401,7290,50000
622,37,1,0,10,1,1,1,1,16,1,84,40,142,?,2880,35400
623,90,?,0,?,?,?,2,1,16,1,?,?,50,?,?,0
624,28,1,0,25,2,1,5,1,16,2,87,40,261,?,7580,3800
625,54,6,0,?,?,11,1,1,16,2,?,60,999,?,8470,0
627,40,2,0,5,1,1,3,1,22,2,101,37,261,6107,8190,110000
628,52,2,0,?,?,?,5,1,22,2,?,40,720,5200,7860,25000
630,35,2,400,?,?,?,5,1,21,1,?,?,22,6205,6770,0
632,21,1,0,?,?,?,5,2,19,1,?,40,999,?,5070,4000
633,21,1,0,45,?,2,5,1,16,2,175,35,308,?,4795,17500
634,23,2,0,20,?,4,5,1,21,1,98,40,999,2602,6970,30000
635,26,1,0,5,1,1,5,1,21,2,101,40,51,1904,580,65000
637,30,1,0,15,1,1,5,1,22,2,97,40,22,5404,7890,38000
638,58,1,0,138,1,1,1,1,19,2,197,40,50,?,8660,16000
639,78,?,0,?,?,?,2,1,16,1,?,?,924,?,?,0
640,47,1,0,10,1,1,3,1,21,1,96,45,125,6201,7070,40000
641,62,2,8000,15,1,1,5,1,23,2,85,44,51,3600,8090,140000
642,26,3,0,5,1,1,5,1,21,1,172,50,22,5301,9470,70000
644,66,1,0,?,?,?,2,1,16,2,?,?,999,?,6870,0
645,35,1,0,45,1,1,4,1,18,1,85,40,902,?,770,86000
646,64,4,100,?,?,?,1,1,22,2,?,?,22,2311,7860,0
647,31,1,0,?,?,?,5,1,21,1,?,?,331,6206,6870,0
650,50,1,0,30,1,1,2,1,19,1,40,45,939,?,3365,76000
651,46,4,0,20,1,1,1,1,19,1,74,50,46,?,6290,65000
652,16,3,0,?,?,?,5,2,15,2,?,35,920,?,8570,1400
653,20,2,0,50,?,5,5,2,18,2,236,35,51,?,9180,10000
654,42,1,0,138,?,2,5,2,16,2,103,40,84,?,7980,47000
655,45,4,0,12,1,1,1,1,20,2,75,20,50,?,7860,10000
656,27,4,0,25,1,1,5,1,22,2,123,40,939,5200,7460,57000
657,16,?,0,?,?,?,5,2,15,2,?,?,996,?,?,0
658,62,?,0,?,?,?,5,1,15,2,?,?,999,?,?,0
659,47,1,0,40,?,2,5,1,15,1,87,40,939,?,5380,23000
660,57,1,0,45,?,4,3,1,15,2,91,40,275,?,7690,22000
661,45,6,200,?,?,11,1,1,24,1,?,40,142,5007,7380,0
662,39,7,0,?,?,?,1,1,22,2,?,?,46,6210,5170,0
663,60,4,0,10,1,1,1,1,19,2,90,40,142,?,7860,42100
664,74,?,0,?,?,?,1,1,15,1,?,?,51,?,?,0
665,67,?,0,?,?,?,1,1,16,2,?,?,51,?,?,0
666,63,?,0,?,?,?,1,1,21,2,?,?,50,5200,?,0
667,34,2,0,20,1,1,1,1,22,2,98,20,50,2304,7860,29000
668,19,1,0,?,?,?,5,3,19,2,?,40,51,?,8670,2800
669,62,1,0,10,?,10,5,1,20,1,69,38,142,?,6190,16000
670,65,3,0,45,1,1,3,1,21,2,94,40,111,6199,8370,30000
671,44,1,0,15,1,1,1,1,20,1,97,40,51,?,4970,35000
672,33,1,0,15,?,10,1,1,24,1,97,35,51,3600,7870,80000
673,18,?,0,?,?,?,5,3,16,2,?,?,999,?,?,0
674,71,?,33000,?,?,?,3,1,21,1,?,?,999,2400,?,0
675,73,?,0,?,?,?,1,1,19,1,?,?,142,?,?,0
676,26,1,0,3,?,10,1,1,17,2,124,22,125,?,7860,10900
677,63,1,60000,?,?,?,1,1,22,2,?,?,225,2300,4470,0
678,58,6,0,20,1,1,1,1,18,1,92,45,22,?,770,0
679,95,?,0,?,?,?,1,1,16,1,?,?,89,?,?,0
682,86,?,9000,?,?,?,1,1,19,2,?,?,195,?,?,0
683,49,1,0,25,1,1,1,1,21,1,75,50,999,6201,7380,638000
685,75,6,0,15,1,1,1,1,22,1,94,30,22,2306,6970,0
688,19,?,0,?,?,?,5,3,19,2,?,?,999,?,?,0
689,68,?,8000,?,?,?,1,1,21,1,?,?,51,3600,?,0
690,48,7,0,20,1,1,1,1,22,1,98,40,939,6203,7390,75000
691,43,1,0,?,?,11,1,1,16,2,?,35,603,?,8180,14000
692,53,1,0,10,?,7,1,3,19,2,78,35,599,?,8270,52000
693,49,1,0,45,1,1,1,1,19,1,70,40,32,?,770,66000
694,52,?,0,?,?,?,1,1,22,1,?,?,168,5501,?,0
695,54,1,0,25,1,1,1,1,20,2,105,75,153,?,8270,40000
696,56,1,0,40,4,1,1,1,16,1,106,40,998,?,4080,160000
697,49,3,0,10,3,1,1,1,22,2,90,40,925,6207,7860,20000
698,30,1,0,50,1,1,3,1,17,1,86,32,999,?,7790,3800
700,69,1,0,?,?,?,1,1,22,2,?,?,88,6107,8270,0
701,33,1,0,40,1,1,1,1,16,1,258,40,308,?,5790,24000
702,43,1,0,?,?,11,1,1,16,1,?,21,131,?,770,20000
703,58,3,0,?,?,?,3,1,18,2,?,?,902,?,8190,0
705,73,3,25000,?,?,?,2,1,22,1,?,6,142,5007,7860,1100
706,29,7,0,10,1,1,5,1,21,2,108,25,599,5200,7070,5800
707,29,1,0,138,?,4,5,1,20,1,118,35,999,?,770,19300
708,17,1,0,40,1,1,5,2,15,1,236,20,88,?,8680,4000
709,42,?,0,?,?,?,5,1,16,2,?,?,902,?,?,0
711,27,9,0,?,?,?,5,3,21,1,?,?,999,6203,9920,0
712,83,?,0,?,?,?,1,1,16,1,?,?,999,?,?,0
713,35,2,0,10,?,9,1,1,21,1,90,60,190,1401,3960,120000
715,80,?,0,?,?,?,1,1,15,2,?,?,261,?,?,0
717,19,1,0,?,?,?,5,2,19,2,?,12,706,?,8680,780
718,67,?,0,?,?,?,1,1,16,2,?,?,939,?,?,0
720,66,2,0,?,?,?,1,1,16,1,?,?,21,?,8190,0
721,24,1,0,80,?,5,5,1,18,1,80,20,999,?,770,3000
724,61,?,0,?,?,?,1,1,20,1,?,?,51,?,?,0
725,72,?,0,?,?,?,5,1,15,2,?,?,999,?,?,0
726,28,1,0,30,?,4,5,1,22,2,100,50,924,6402,7270,20000
727,23,3,0,15,1,1,5,3,21,2,91,7,51,2309,7860,7000
728,59,7,0,15,1,1,1,1,21,2,109,16,51,6203,8990,7000
729,53,4,0,10,3,1,1,1,17,2,90,30,935,?,7860,8500
730,65,1,0,?,?,?,5,1,22,2,?,40,51,2300,7890,15000
731,42,?,0,?,?,?,1,1,21,2,?,?,200,5301,?,0
732,46,?,0,?,?,?,1,1,22,2,?,?,924,6000,?,0
733,74,?,0,?,?,?,5,1,15,2,?,?,999,?,?,0
734,53,5,0,40,1,1,1,1,21,1,108,40,51,3702,9570,54000
735,30,2,0,25,?,4,5,1,24,2,108,40,308,6402,7270,65000
736,39,1,0,?,?,?,1,1,19,2,?,?,32,?,4970,0
738,60,2,0,15,1,1,2,1,19,2,271,40,26,?,8180,30000
739,95,?,200,?,?,?,2,1,16,2,?,?,32,?,?,0
740,53,1,0,50,1,1,1,1,22,2,186,40,32,2602,6970,40000
742,73,?,0,?,?,?,1,1,16,2,?,?,51,?,?,0
743,40,1,0,10,2,1,1,1,18,1,54,40,51,?,6570,60000
745,39,?,0,?,?,?,5,1,15,2,?,?,261,?,?,0
746,19,?,0,?,?,?,5,2,19,1,?,?,900,?,?,0
749,44,7,0,40,1,1,1,1,20,1,72,40,996,?,8680,150000
750,39,1,0,90,?,5,1,1,22,1,88,50,221,4801,6870,250000
752,66,1,0,85,?,4,5,1,20,2,183,12,275,?,4970,840
754,59,?,0,?,?,?,5,1,17,1,?,?,51,?,?,0
755,68,?,0,?,?,?,5,1,22,2,?,?,902,2314,?,0
756,51,7,0,?,?,?,1,1,22,1,?,?,336,2102,7380,0
757,39,2,0,45,1,1,1,1,22,2,97,35,51,5200,7860,47500
758,53,1,0,75,2,1,1,1,16,1,63,40,142,?,770,126000
759,40,1,0,?,?,?,1,1,16,2,?,?,999,?,1870,0
760,60,1,0,55,1,1,1,1,16,1,105,40,32,?,4970,60000
761,16,?,0,?,?,?,5,2,15,1,?,?,939,?,?,0
763,16,?,0,?,?,?,5,2,15,1,?,?,51,?,?,0
765,42,4,0,7,1,1,1,1,18,2,62,40,26,?,8190,35500
766,70,?,11200,?,?,?,1,1,22,2,?,?,21,6201,?,0
767,67,6,0,15,2,1,1,1,23,1,103,10,235,2502,3960,0
768,44,1,0,25,1,1,1,1,18,1,117,37,999,?,170,49500
771,37,1,0,10,1,1,1,1,20,1,180,45,51,?,4470,82000
772,20,1,0,45,1,1,5,2,19,2,151,27,902,?,7490,17500
773,22,?,0,?,?,?,5,1,21,1,?,?,46,5007,?,0
774,91,?,0,?,?,?,2,1,16,2,?,?,51,?,?,0
775,57,1,0,7,1,1,1,1,16,1,173,40,935,?,770,25000
776,56,3,7000,35,1,1,1,1,22,1,89,40,142,3301,7860,75000
777,42,1,0,?,?,?,1,1,22,2,?,?,50,6000,8680,0
778,85,?,0,?,?,?,3,1,17,2,?,?,32,?,?,0
779,51,3,0,19,2,1,1,1,17,2,81,30,26,?,7860,22000
781,52,?,0,?,?,?,1,1,16,2,?,?,370,?,?,0
782,46,?,0,?,?,?,5,1,15,2,?,?,51,?,?,0
784,27,3,0,?,?,?,1,1,21,2,?,?,275,5200,8370,0
785,53,3,0,30,1,1,1,1,21,2,91,40,32,4005,7860,52000
787,51,3,0,30,1,1,1,1,21,2,80,40,50,5098,680,49000
789,69,3,14500,?,?,?,3,1,21,1,?,?,82,2300,8570,0
790,86,?,0,?,?,?,2,1,16,2,?,?,26,?,?,0
792,24,2,0,?,?,?,5,2,21,1,?,?,195,6001,4970,0
793,38,?,0,?,?,?,1,1,16,2,?,?,700,?,?,0
794,39,1,0,?,?,11,1,1,16,2,?,20,275,?,6380,40000
795,69,1,0,?,?,?,1,1,16,1,?,?,171,?,3570,0
796,33,1,0,20,?,10,5,1,21,1,104,50,32,6201,6970,130000
797,47,1,0,25,1,1,1,1,22,2,175,20,142,6105,8190,36000
798,32,3,11000,60,1,1,5,2,20,1,76,60,939,?,680,65000
800,16,?,0,?,?,?,5,2,15,2,?,?,999,?,?,0
801,30,1,0,35,?,10,5,1,21,2,113,40,336,6107,7870,79000
802,69,?,0,?,?,?,1,1,15,1,?,?,615,?,?,0
803,77,?,0,?,?,?,1,1,16,1,?,?,999,?,?,0
804,37,1,0,20,1,1,1,1,17,1,56,40,51,?,5380,38000
805,49,?,0,?,?,?,1,1,20,2,?,?,51,?,?,0
807,27,1,0,1,1,1,5,1,21,2,106,40,51,6109,8680,16000
808,55,1,0,60,?,6,1,1,16,2,100,40,148,?,8470,25000
810,15,?,0,?,?,?,5,2,15,2,?,?,902,?,?,0
811,52,?,6000,?,?,?,1,1,19,1,?,?,902,?,?,0
812,72,1,0,?,?,?,1,1,20,2,?,40,939,?,3570,16700
813,38,5,0,90,1,1,1,1,18,2,88,38,32,?,6370,5100
814,66,?,0,?,?,?,1,1,15,2,?,?,431,?,?,0
815,26,3,0,45,?,2,5,1,15,1,187,25,902,?,4970,8300
817,49,1,0,20,1,1,1,1,21,2,110,30,939,3301,770,25000
819,25,1,30,15,1,1,5,1,22,1,97,42,195,6203,7280,50000
820,21,1,0,5,1,1,5,2,20,2,197,10,51,?,6770,8000
821,55,1,0,20,?,2,3,1,15,2,110,25,290,?,8170,21300
822,16,?,0,?,?,?,5,2,15,2,?,?,148,?,?,0
824,47,1,9000,30,1,1,1,1,18,1,112,50,88,?,3490,189000
825,70,?,0,?,?,?,1,1,18,2,?,?,50,?,?,0
827,36,1,0,90,?,4,1,1,21,2,88,30,999,2102,5070,22000
828,45,?,0,?,?,?,3,1,19,2,?,?,170,?,?,0
829,65,1,4200,20,1,1,1,1,15,1,182,40,32,?,2370,65000
830,52,1,0,30,1,1,1,1,16,1,79,40,51,?,4670,165000
832,16,?,0,?,?,?,5,2,15,2,?,?,234,?,?,0
833,83,?,0,?,?,?,2,1,16,2,?,?,22,?,?,0
834,61,?,50,?,?,?,5,1,16,1,?,?,999,?,?,0
835,64,5,0,30,2,1,3,1,19,2,52,40,999,?,6370,60000
836,15,?,0,?,?,?,5,2,15,2,?,?,999,?,?,0
837,37,4,0,30,1,1,1,1,19,1,64,40,935,?,9470,62000
838,36,?,0,?,?,?,1,1,22,2,?,?,170,6203,?,0
839,23,1,0,30,1,1,5,1,20,2,88,20,51,?,7860,15000
840,42,1,0,40,?,2,5,1,16,2,70,40,999,?,9290,36000
841,28,2,0,?,?,11,5,1,16,1,?,40,51,?,9170,12000
842,49,1,0,25,1,1,3,1,18,1,111,55,142,?,3080,50000
843,67,1,1100,?,?,?,5,1,21,2,?,40,50,5401,3095,38000
844,15,?,0,?,?,?,5,3,15,1,?,?,939,?,?,0
845,33,3,0,?,?,?,5,1,16,1,?,40,261,?,6180,60000
847,72,?,0,?,?,?,3,1,15,1,?,?,902,?,?,0
848,49,1,0,15,1,1,1,1,21,2,106,40,51,6206,6990,12000
850,47,1,3000,90,?,5,1,1,24,1,100,55,98,3700,7280,220000
851,41,1,0,10,1,1,1,1,19,2,108,8,32,?,7270,5000
852,31,1,0,20,1,1,1,1,23,2,92,38,999,3611,5070,135000
853,57,1,0,3,?,10,1,1,15,1,106,30,706,?,5580,8000
855,44,1,0,4,1,1,4,1,18,2,109,37,142,?,8680,25000
857,18,1,0,5,?,10,5,2,19,1,227,30,811,?,6180,720
858,70,?,0,?,?,?,1,1,22,1,?,?,190,6203,?,0
859,55,3,13200,20,1,1,1,1,15,1,62,40,88,?,7860,48000
860,19,?,0,?,?,?,5,2,19,2,?,?,720,?,?,0
861,34,1,0,50,?,4,1,1,21,2,104,40,706,6004,4290,40000
862,56,1,0,75,?,5,1,1,21,2,113,40,51,2901,7270,70000
863,21,1,0,30,1,1,5,2,20,1,94,30,252,?,8770,10000
864,35,?,0,?,?,?,1,1,20,2,?,?,370,?,?,0
866,42,7,0,5,1,1,1,1,19,1,95,40,144,?,770,30000
867,25,?,0,?,?,?,5,3,21,2,?,?,496,2313,?,0
868,37,1,0,90,?,2,1,1,21,1,91,50,51,6206,6990,187000
869,72,2,0,25,1,1,1,1,22,2,96,37,22,6107,8190,100000
871,63,?,650,?,?,?,1,1,19,1,?,?,939,?,?,0
872,24,1,0,30,1,1,5,1,20,2,88,40,142,?,4970,10000
873,35,7,0,30,?,4,5,1,21,1,88,60,902,6002,8560,12000
874,31,1,0,40,1,1,1,1,21,1,99,40,195,6004,1990,37000
875,30,1,0,40,1,1,5,1,21,1,96,40,148,4101,4290,40000
876,54,1,65000,20,?,4,1,1,22,2,95,60,32,2001,8660,638000
877,58,7,0,50,1,1,1,1,19,2,107,50,26,?,4970,55000
878,81,?,0,?,?,?,2,1,21,2,?,?,999,2314,?,0
879,64,1,0,10,?,10,1,1,16,2,96,50,998,?,7070,30000
882,38,?,0,?,?,?,4,1,15,2,?,?,261,?,?,0
883,26,1,0,?,?,?,5,1,21,1,?,?,235,5200,6870,0
884,36,7,0,?,?,?,5,1,19,1,?,40,308,?,4670,40000
885,56,1,0,18,1,1,3,1,18,2,93,40,142,?,6990,56000
887,81,?,0,?,?,?,1,1,17,1,?,?,26,?,?,0
888,51,1,0,10,1,1,3,1,19,2,144,15,924,?,5570,5000
889,22,?,0,?,?,?,5,3,22,2,?,?,329,5301,?,0
890,54,1,0,22,1,1,1,1,15,2,140,30,939,?,7070,17000
891,45,1,0,8,1,1,1,1,20,2,105,20,51,?,8470,9000
892,45,3,0,45,1,1,1,1,19,2,82,40,142,?,8370,32000
895,33,1,0,?,?,?,1,1,15,1,?,?,100,?,6170,0
896,17,?,0,?,?,?,5,2,15,2,?,?,291,?,?,0
897,15,?,0,?,?,?,5,2,15,2,?,?,999,?,?,0
898,73,?,-1400,?,?,?,1,1,19,1,?,?,21,?,?,0
899,53,?,0,?,?,?,5,1,15,2,?,?,261,?,?,0
900,30,3,0,90,1,1,3,1,22,2,88,35,706,5501,7860,90000
901,25,1,0,10,1,1,5,2,21,1,192,15,706,5007,5090,7100
902,19,2,0,?,?,?,5,2,19,1,?,40,999,?,8670,3000
903,20,1,0,?,?,?,5,2,19,2,?,?,939,?,4970,0
904,62,1,0,40,1,1,1,1,16,2,90,50,51,?,2190,80000
905,57,7,0,15,1,1,3,1,16,1,83,40,999,?,8770,49000
906,80,?,0,?,?,?,2,1,24,2,?,?,720,2901,?,0
908,58,1,100,?,?,11,5,1,21,2,?,40,22,1902,6480,100000
909,33,7,0,60,?,12,1,1,16,1,238,60,924,?,6170,150000
911,77,?,1000,?,?,?,1,1,16,2,?,?,142,?,?,0
912,16,1,0,5,1,1,5,2,15,2,107,40,999,?,8590,350
914,24,5,0,21,1,1,1,1,19,1,68,63,902,?,9670,24000
915,35,1,0,65,?,5,1,1,21,2,101,48,998,6004,7470,150000
919,62,4,19800,15,2,1,1,1,24,1,88,40,706,2304,7870,70000
920,54,1,0,?,?,?,1,1,15,2,?,35,999,?,8170,12300
921,19,?,0,?,?,?,5,3,19,1,?,?,939,?,?,0
923,28,1,0,40,?,4,5,1,21,2,78,30,51,6002,8590,50000
924,16,?,0,?,?,?,5,2,15,1,?,?,50,?,?,0
925,60,6,2500,5,1,1,1,1,19,1,101,50,939,?,7070,0
926,87,?,0,?,?,?,2,1,15,2,?,?,706,?,?,0
929,55,1,0,?,?,?,3,1,16,1,?,37,261,?,8570,12000
930,20,?,0,?,?,?,5,2,18,1,?,?,32,?,?,0
931,18,3,0,?,?,?,5,2,15,1,?,20,360,?,7860,1500
932,40,1,0,25,1,1,1,1,21,1,69,60,51,2408,3570,130000
933,46,2,10000,30,?,4,1,1,22,2,100,40,750,2405,6870,200000
935,80,?,0,?,?,?,3,1,15,1,?,?,706,?,?,0
936,67,2,300,55,?,10,3,1,24,2,83,40,200,6212,7870,83000
937,36,1,0,30,?,4,1,1,22,2,172,30,400,6200,8680,35000
938,58,1,18000,15,1,1,1,1,16,1,85,45,999,?,4270,70000
939,79,1,4300,5,1,1,1,1,16,2,74,25,998,?,8470,19300
940,71,?,200,?,?,?,1,1,22,1,?,?,50,6402,?,0
941,26,1,0,10,1,1,5,1,21,2,100,45,999,6206,2190,80000
942,46,1,0,30,1,1,1,1,20,2,91,40,999,?,8180,42700
943,58,1,4000,?,?,?,1,1,22,2,?,50,50,2102,7380,130000
944,80,?,0,?,?,?,5,1,15,2,?,?,148,?,?,0
945,51,1,0,15,1,1,1,1,19,2,94,40,999,?,6870,150000
946,88,?,0,?,?,?,2,1,16,1,?,?,22,?,?,0
947,50,?,0,?,?,?,1,1,22,2,?,?,706,6201,?,0
948,42,1,0,60,?,4,1,2,21,1,118,46,706,2102,6870,130000
949,21,2,0,?,?,?,5,3,19,1,?,30,50,?,7880,3000
950,16,?,0,?,?,?,5,2,15,1,?,?,999,?,?,0
951,58,4,0,10,1,1,5,1,19,2,93,40,924,?,9470,64000
952,42,1,0,10,1,1,1,1,21,1,66,50,939,2402,6270,100000
953,42,2,0,5,1,1,1,1,23,1,101,55,706,3600,8190,300000
954,56,6,0,20,?,10,5,1,23,1,86,30,171,6402,9160,0
955,87,?,0,?,?,?,2,1,16,2,?,?,939,?,?,0
956,30,1,0,25,1,1,1,1,22,1,94,40,32,5506,6990,61000
957,66,2,0,?,?,?,1,1,23,2,?,?,50,5506,9160,0
958,68,1,300,60,1,1,1,1,21,2,76,42,50,3301,8190,61000
959,55,1,0,20,?,10,5,1,16,2,173,30,50,?,4970,16000
960,22,?,0,?,?,?,1,3,21,2,?,?,999,6201,?,0
961,16,1,0,?,?,?,5,2,15,1,?,20,680,?,8190,1200
962,41,2,0,30,2,1,1,1,21,2,124,37,939,6107,8190,74000
963,26,6,0,?,?,11,5,1,21,2,?,75,750,3301,8560,0
964,68,4,0,20,1,1,1,1,23,1,104,37,999,5506,9470,100000
965,30,?,0,?,?,?,1,1,15,2,?,?,999,?,?,0
966,90,6,30000,?,?,?,2,1,16,2,?,?,22,?,5490,0
967,28,1,0,15,?,4,5,1,21,2,121,50,51,3301,6672,90000
968,69,?,30,?,?,?,1,1,22,1,?,?,153,2311,?,0
969,73,?,36300,?,?,?,1,1,16,1,?,?,32,?,?,0
970,65,1,0,10,1,1,2,1,15,2,54,20,22,?,8680,18400
971,53,5,600,20,1,1,1,1,24,1,62,60,142,3401,9670,63000
972,15,?,0,?,?,?,5,2,15,1,?,?,999,?,?,0
974,36,1,0,40,?,2,5,1,22,1,102,40,275,6108,8190,90000
975,64,?,0,?,?,?,5,1,15,1,?,?,32,?,?,0
976,48,?,0,?,?,?,5,1,15,2,?,?,999,?,?,0
977,37,1,0,?,?,?,5,1,19,2,?,40,706,?,8680,28000
978,59,1,0,90,?,5,1,1,22,1,106,45,50,6201,6970,160000
979,35,9,0,?,?,?,5,1,16,1,?,?,51,?,9920,0
980,35,1,10,35,1,1,1,1,21,2,95,30,51,5507,7980,7000
981,33,1,0,25,1,1,1,1,20,1,183,40,22,?,4795,44000
982,51,1,20,10,1,1,1,1,16,1,82,40,999,?,3390,50000
983,15,?,0,?,?,?,5,2,15,1,?,?,999,?,?,0
984,19,1,0,138,1,1,5,2,16,2,100,40,50,?,770,1100
985,52,2,0,45,?,4,4,1,15,2,91,40,261,?,8370,21000
987,28,1,15000,10,?,10,4,1,22,1,84,50,999,2300,6990,100000
988,55,6,0,60,?,2,3,1,18,1,118,40,902,?,7070,0
990,58,2,0,20,1,1,1,1,16,2,98,40,51,?,8190,30000
992,23,2,0,?,?,11,5,3,21,1,?,10,51,3401,7680,58000
994,33,1,15000,60,?,4,5,1,24,2,118,40,998,2602,8190,31300
995,65,7,15000,9,1,1,1,1,22,1,104,40,142,5200,7490,120000
996,62,?,5000,?,?,?,1,1,21,2,?,?,22,6004,?,0
997,60,1,0,35,1,1,1,1,20,2,113,30,32,?,7980,50000
998,84,?,0,?,?,?,3,1,16,1,?,?,999,?,?,0
999,20,1,0,?,?,?,5,3,18,1,?,20,615,?,8680,3000
1000,45,?,0,?,?,?,1,1,20,2,?,?,50,?,?,0
1002,16,?,0,?,?,?,5,2,15,1,?,?,50,?,?,0
1003,60,7,0,?,?,11,1,1,21,2,?,25,148,1401,7290,50000
1004,69,?,0,?,?,?,1,1,15,2,?,?,706,?,?,0
1005,60,3,14000,?,?,?,3,1,21,2,?,20,125,6402,7860,16000
1006,67,?,0,?,?,?,3,1,17,1,?,?,26,?,?,0
1007,15,?,0,?,?,?,5,3,15,2,?,?,998,?,?,0
1008,71,?,0,?,?,?,1,1,21,1,?,?,996,3600,?,0
1009,60,3,4000,30,1,1,1,1,16,1,112,25,26,?,9470,35500
1010,44,2,0,90,?,4,4,1,16,2,112,40,275,?,8980,10400
1011,85,?,0,?,?,?,2,1,15,2,?,?,32,?,?,0
1012,68,?,0,?,?,?,1,1,22,2,?,?,308,4801,?,0
1013,65,1,0,15,1,1,5,1,22,2,82,24,26,6107,8190,56000
1016,76,?,0,?,?,?,2,1,15,2,?,?,310,?,?,0
1017,65,?,0,?,?,?,3,1,15,1,?,?,26,?,?,0
1018,28,3,0,20,1,1,5,1,19,1,80,40,51,?,9470,45000
1019,43,5,0,35,1,1,3,1,18,1,77,72,939,?,9470,60000
1020,38,1,0,4,1,1,1,2,16,1,69,30,210,?,8680,28000
1021,31,1,5000,?,?,?,5,1,22,2,?,90,210,6006,5580,47000
1022,64,?,0,?,?,?,4,1,17,2,?,?,148,?,?,0
1023,60,1,0,?,?,?,1,1,16,1,?,?,51,?,7680,0
1024,40,1,0,50,1,1,5,1,20,1,158,40,32,?,1170,60000
1025,19,3,0,10,?,10,5,3,18,2,120,11,999,?,7870,630
1026,40,?,0,?,?,?,5,1,16,1,?,?,902,?,?,0
1027,66,7,0,?,?,?,1,1,22,2,?,3,902,2306,7860,1000
1029,66,?,0,?,?,?,2,1,20,1,?,?,51,?,?,0
1030,37,2,330,20,1,1,1,1,22,1,206,40,50,2102,7570,115000
1033,69,1,0,?,?,?,2,1,19,2,?,10,902,?,5670,1200
1034,49,1,0,45,?,10,5,1,21,2,103,40,50,2602,4770,90000
1035,29,7,0,?,?,?,4,2,17,2,?,15,261,?,9290,1900
1036,53,2,0,30,1,1,3,1,20,2,88,40,999,?,7870,27600
1039,28,1,0,15,1,1,5,1,21,1,79,55,50,5007,3390,65000
1040,59,4,0,25,1,1,1,1,23,2,111,45,125,3700,9470,193000
1041,23,?,0,?,?,?,5,1,19,2,?,?,308,?,?,0
1042,26,1,0,20,2,1,5,1,21,1,104,35,50,3302,8680,13300
1043,67,7,329000,?,?,?,1,1,19,1,?,?,82,?,7070,0
1044,22,9,0,?,?,?,5,1,19,1,?,?,914,?,9920,0
1045,40,?,0,?,?,?,1,1,16,2,?,?,51,?,?,0
1046,73,1,0,20,1,1,1,1,15,1,86,42,21,?,8770,52000
1047,41,1,0,90,?,7,2,1,17,1,28,48,902,?,6170,17000
1048,25,1,0,?,?,?,5,1,15,1,?,?,902,?,5380,0
1049,64,?,0,?,?,?,1,1,18,1,?,?,50,?,?,0
1050,67,?,0,?,?,?,1,1,15,1,?,?,902,?,?,0
1051,36,3,0,?,?,?,1,1,22,2,?,37,275,2300,7860,74000
1052,20,?,0,?,?,?,5,2,19,2,?,?,169,?,?,0
1053,50,1,20,1,?,10,4,1,20,2,70,50,924,?,8680,11200
1054,55,1,0,10,1,1,1,1,20,2,78,40,50,?,4970,45000
1055,25,1,0,15,1,1,1,1,17,1,97,40,125,?,7070,45000
1056,57,1,2000,10,1,1,1,1,21,2,96,40,50,6201,7280,200000
1057,50,1,0,20,1,1,3,1,21,2,92,38,999,2100,7860,32000
1058,18,2,0,?,?,?,5,3,19,1,?,30,999,?,9160,5000
1059,23,1,0,20,?,4,5,1,21,2,122,40,190,6006,5580,2400
1060,83,?,0,?,?,?,1,1,19,2,?,?,903,?,?,0
1061,19,2,0,?,?,?,5,3,15,1,?,6,223,?,7860,1000
1062,15,?,0,?,?,?,5,2,15,2,?,?,22,?,?,0
1063,21,4,0,10,1,1,5,1,20,1,87,40,50,?,9470,40000
1064,57,1,0,90,?,5,3,1,16,1,76,40,999,?,8870,50000
1065,59,?,0,?,?,?,5,1,15,2,?,?,261,?,?,0
1066,83,3,0,?,?,?,1,1,16,2,?,3,999,?,7860,370
1067,47,1,0,45,1,1,5,1,20,2,79,40,148,?,8290,58000
1068,64,1,0,?,?,?,3,1,16,1,?,?,924,?,6990,0
1069,58,2,10,10,1,1,3,1,20,2,93,40,51,?,8190,52000
1071,28,4,0,70,1,1,5,1,19,2,102,40,235,?,9470,40000
1072,63,?,0,?,?,?,5,1,16,1,?,?,200,?,?,0
1073,31,2,0,10,1,1,1,1,21,2,120,40,50,2100,7860,36500
1074,44,2,0,105,1,1,1,1,21,1,107,50,999,5501,8370,65000
1076,35,?,0,?,?,?,1,1,15,2,?,?,222,?,?,0
1077,79,?,1000,?,?,?,1,1,22,1,?,?,32,2300,?,0
1078,50,1,0,30,1,1,1,1,21,2,79,35,999,3202,6470,35000
1079,17,?,0,?,?,?,5,2,15,2,?,?,999,?,?,0
1080,59,3,40,2,1,1,1,1,22,2,88,40,314,5200,7860,83000
1081,70,1,0,?,?,?,1,1,17,1,?,?,50,?,2980,0
1083,65,?,0,?,?,?,5,1,16,1,?,?,924,?,?,0
1084,17,?,0,?,?,?,5,2,15,1,?,?,902,?,?,0
1085,42,5,110,30,1,1,1,2,18,1,77,50,706,?,6370,85000
1086,73,3,2000,?,?,?,5,1,22,1,?,?,148,5200,7860,0
1088,32,?,0,?,?,?,5,1,16,1,?,?,261,?,?,0
1090,35,2,0,60,1,1,1,1,22,2,130,50,615,6200,7890,100000
1091,42,6,0,?,?,?,1,1,21,1,?,30,142,6004,7390,0
1092,67,?,0,?,?,?,1,1,21,2,?,?,148,5200,?,0
1093,86,?,0,?,?,?,2,1,16,2,?,?,50,?,?,0
1094,27,1,0,30,1,1,5,1,20,1,146,40,999,?,6670,35000
1095,85,6,8000,10,1,1,1,1,23,1,114,30,51,5501,7270,60000
1096,28,4,0,5,2,1,5,1,16,2,80,40,999,?,8270,20000
1097,20,1,0,45,1,1,5,1,18,1,187,50,50,?,8680,12000
1098,47,1,0,35,1,1,1,1,20,1,83,45,22,?,7570,96000
1099,70,?,60,?,?,?,1,1,16,2,?,?,21,?,?,0
1100,54,3,0,?,?,?,3,1,18,2,?,40,900,?,7790,18000
1101,27,?,0,?,?,?,5,2,20,2,?,?,902,?,?,0
1102,33,7,0,90,?,5,5,1,22,1,100,60,999,6207,8680,125000
1103,26,1,0,35,?,4,5,1,21,2,113,40,22,6402,7580,31600
1104,15,?,0,?,?,?,5,2,15,2,?,?,939,?,?,0
1105,49,1,0,45,1,1,1,1,19,1,139,45,999,?,770,110000
1106,68,?,7200,?,?,?,1,1,16,1,?,?,51,?,?,0
1108,16,?,0,?,?,?,5,2,15,2,?,?,615,?,?,0
1109,87,?,0,?,?,?,2,1,15,1,?,?,935,?,?,0
1110,76,?,0,?,?,?,1,1,15,2,?,?,999,?,?,0
1111,69,?,4000,?,?,?,1,1,20,1,?,?,32,?,?,0
1112,86,?,0,?,?,?,1,1,20,2,?,?,51,?,?,0
1113,59,?,0,?,?,?,3,1,15,2,?,?,275,?,?,0
1114,33,1,0,?,?,11,5,1,16,1,?,50,999,?,1170,62000
1115,39,1,0,20,1,1,3,1,21,2,110,15,750,2313,7070,11200
1116,61,4,0,60,1,1,1,1,21,2,76,45,94,2102,9570,140000
1117,70,1,1200,15,1,1,1,1,15,1,37,25,999,?,6190,49500
1120,58,1,0,30,?,4,1,3,22,2,106,20,720,1901,7580,9500
1121,30,1,0,20,1,1,5,1,23,1,206,20,999,6105,6870,500
1122,37,1,0,20,?,10,5,1,18,1,76,40,917,?,770,24000
1123,58,2,0,?,?,11,1,1,24,1,?,50,51,2408,9160,72000
1124,55,1,30,35,?,4,1,1,16,2,93,40,999,?,2190,40000
1125,66,?,24000,?,?,?,5,1,20,2,?,?,22,?,?,0
1126,89,?,0,?,?,?,2,1,15,2,?,?,902,?,?,0
1127,34,1,0,?,?,11,5,1,22,2,?,50,999,6000,6672,90000
1128,55,?,0,?,?,?,5,1,15,2,?,?,22,?,?,0
1129,25,1,0,30,1,1,5,1,18,1,190,30,50,?,8680,7000
1130,89,?,0,?,?,?,2,1,15,2,?,?,46,?,?,0
1131,49,1,0,15,2,1,5,1,16,2,109,50,939,?,8980,30000
1132,95,?,0,?,?,?,2,1,16,2,?,?,50,?,?,0
1133,67,?,0,?,?,?,3,1,17,1,?,?,142,?,?,0
1134,63,1,5000,45,1,1,3,1,22,2,139,45,924,3301,6670,135000
1136,65,?,0,?,?,?,3,1,15,1,?,?,421,?,?,0
1137,90,?,0,?,?,?,1,1,16,2,?,?,51,?,?,0
1139,71,?,0,?,?,?,1,1,15,2,?,?,706,?,?,0
1140,18,6,0,?,?,?,5,2,18,1,?,3,50,?,8590,0
1142,32,6,0,1,?,10,5,1,21,2,94,40,939,5501,7390,0
1143,65,?,0,?,?,?,5,1,16,1,?,?,999,?,?,0
1144,35,3,0,5,1,1,1,1,21,2,86,40,939,2310,7860,48900
1145,28,1,0,?,?,?,1,1,16,1,?,40,51,?,4670,41600
1146,54,?,0,?,?,?,1,1,20,2,?,?,50,?,?,0
1148,45,1,0,45,?,4,4,2,16,2,97,32,234,?,6070,12000
1149,19,?,0,?,?,?,5,2,16,1,?,?,999,?,?,0
1151,55,4,0,30,1,1,1,1,23,2,94,50,32,6107,8190,127000
1152,15,?,0,?,?,?,5,2,15,2,?,?,275,?,?,0
1153,80,?,2000,?,?,?,1,1,16,2,?,?,999,?,?,0
1154,58,3,0,5,1,1,1,1,19,2,105,30,51,?,9380,14400
1155,55,?,0,?,?,?,3,1,16,1,?,?,999,?,?,0
1156,38,1,0,30,1,1,1,1,20,1,124,60,89,?,770,22900
1157,36,?,2000,?,?,?,5,3,23,2,?,?,706,5501,?,0
1158,63,6,0,45,?,4,3,1,16,2,100,50,902,?,7070,0
1159,88,?,0,?,?,?,2,1,16,2,?,?,903,?,?,0
1160,60,1,0,20,1,1,1,1,16,2,116,35,271,?,5275,13000
1161,56,7,0,?,?,11,1,1,21,1,?,60,999,6203,7980,638000
1162,28,1,0,44,1,1,1,1,16,2,264,71,322,?,8170,5600
1163,39,6,0,?,?,11,5,1,20,1,?,35,720,?,5591,0
1164,66,6,0,?,?,?,1,1,19,1,?,20,190,?,4290,0
1165,54,1,0,?,?,11,1,1,22,1,?,50,51,3603,3960,638000
1168,85,?,329000,?,?,?,2,1,16,2,?,?,939,?,?,0
1169,43,3,0,10,1,1,5,1,16,1,96,40,308,?,6290,60000
1170,59,6,0,25,1,1,1,1,16,2,99,40,999,?,8370,0
1171,57,?,0,?,?,?,5,1,16,2,?,?,22,?,?,0
1172,55,?,0,?,?,?,5,1,16,1,?,?,998,?,?,0
1173,66,5,0,?,?,?,1,1,18,2,?,?,902,?,6080,0
1174,45,1,0,50,?,4,1,1,19,1,197,26,50,?,7490,7100
1175,87,?,0,?,?,?,3,1,16,2,?,?,999,?,?,0
1176,66,1,0,15,1,1,1,1,19,1,53,56,200,?,3190,100000
1177,34,1,0,45,1,1,1,2,21,2,67,21,603,3601,8190,10000
1178,42,2,0,30,1,1,5,1,20,1,88,60,148,?,7870,75000
1179,59,?,0,?,?,?,3,1,19,2,?,?,50,?,?,0
1181,62,1,0,60,?,4,1,1,17,1,82,40,999,?,7680,30000
1182,61,2,0,60,?,4,1,1,19,2,64,40,239,?,8190,36000
1184,50,2,0,70,?,5,1,1,22,2,75,40,553,2601,7860,60000
1185,37,1,0,45,1,1,1,1,21,2,21,40,902,6212,3980,70000
1186,62,6,0,30,2,1,1,1,18,1,108,60,51,?,7390,0
1187,27,1,0,30,1,1,5,1,21,2,106,35,902,6002,6070,25000
1188,75,?,0,?,?,?,5,1,16,1,?,?,51,?,?,0
1189,64,?,0,?,?,?,1,1,22,2,?,?,51,5507,?,0
1190,63,6,0,90,?,4,1,1,20,1,112,30,615,?,6190,0
1191,19,4,0,?,?,?,5,1,15,1,?,?,32,?,8370,0
1192,65,6,1500,30,?,10,1,1,21,2,106,8,3,6201,7270,31000
1193,75,?,0,?,?,?,3,1,19,2,?,?,920,?,?,0
1194,43,6,0,30,1,1,3,1,22,2,106,20,51,2304,7860,0
1195,46,1,0,4,1,1,1,1,16,2,82,40,275,?,7860,16000
1196,88,?,0,?,?,?,3,1,15,1,?,?,902,?,?,0
1197,55,1,0,5,?,12,1,1,18,1,83,40,51,?,6170,30000
1198,35,6,0,?,?,11,5,1,15,1,?,20,902,?,8970,0
1199,49,4,0,3,1,1,3,1,21,1,166,40,50,5200,8370,36500
1200,26,1,0,60,1,1,5,3,22,2,94,30,706,6201,7280,32000
1201,20,1,0,10,1,1,5,3,16,1,96,10,999,?,7270,13100
1202,69,1,30,25,1,1,3,1,15,2,129,9,32,?,8170,16000
1203,47,1,50000,30,1,1,1,1,23,1,100,50,142,5502,7970,638000
1204,67,?,0,?,?,?,1,1,15,1,?,?,706,?,?,0
1206,54,?,0,?,?,?,5,1,15,2,?,?,615,?,?,0
1207,45,2,0,15,?,12,1,1,21,1,205,50,999,2408,7860,95000
1208,56,1,0,5,1,1,1,1,21,2,83,40,291,6206,3875,30000
1209,64,2,0,15,1,1,3,1,22,1,118,50,51,6002,9190,130000
1210,53,6,0,45,1,1,1,1,21,2,115,50,51,6200,1270,0
1211,67,?,0,?,?,?,1,1,16,2,?,?,935,?,?,0
1213,33,2,0,25,1,1,5,1,22,1,105,45,419,3600,7070,70000
1214,33,1,1000,40,1,1,5,1,22,2,84,40,995,3401,6970,80000
1215,50,1,0,40,?,10,1,1,22,1,112,55,32,6200,6990,232000
1216,47,1,0,35,?,4,1,1,18,1,111,60,94,?,6890,145000
1217,48,2,0,30,2,1,1,1,21,2,100,40,275,4007,8170,20800
1218,22,1,0,5,1,1,5,2,21,1,82,20,924,5301,4970,11000
1219,61,8,0,?,?,11,1,1,21,1,?,70,91,6207,170,10000
1220,37,1,0,60,?,4,5,1,16,2,94,40,261,?,8370,12000
1223,57,4,0,20,1,1,1,1,17,1,77,40,32,?,7870,47000
1224,71,?,0,?,?,?,1,1,17,2,?,?,22,?,?,0
1225,35,1,0,90,?,4,5,1,16,1,106,30,998,?,770,17000
1226,28,1,0,?,?,?,1,2,15,1,?,32,999,?,5380,5200
1227,27,1,0,30,?,4,5,1,21,2,106,45,50,6206,7470,92000
1228,73,?,0,?,?,?,1,1,19,1,?,?,50,?,?,0
1229,64,?,0,?,?,?,1,1,21,1,?,?,51,3301,?,0
1230,68,1,0,?,?,?,1,1,16,1,?,?,939,?,1870,0
1231,29,1,0,45,?,4,5,2,19,1,115,35,50,?,7270,39000
1232,75,?,0,?,?,?,2,1,16,2,?,?,902,?,?,0
1233,24,1,0,35,?,4,5,1,21,1,101,40,999,6200,7280,50000
1235,54,1,0,45,1,1,2,1,16,2,91,40,939,?,8270,25000
1236,44,1,0,35,?,4,5,1,16,1,101,24,999,?,4970,19300
1238,23,1,0,5,1,1,5,1,21,1,82,40,50,6203,770,14000
1239,20,2,0,40,?,2,5,1,19,1,125,10,148,?,9160,2000
1240,31,4,0,50,1,1,1,1,23,2,98,40,171,4002,8190,66000
1241,55,3,0,45,1,1,3,1,20,2,79,40,996,?,9470,60000
1242,57,4,0,10,1,1,3,1,22,1,90,38,599,2406,6970,100000
1243,85,?,0,?,?,?,2,1,17,2,?,?,22,?,?,0
1244,69,1,10000,?,?,?,1,3,21,1,?,?,620,6203,6870,0
1245,20,9,0,?,?,?,5,2,19,2,?,?,999,?,9920,0
1246,80,?,0,?,?,?,1,1,22,1,?,?,21,1901,?,0
1247,31,1,0,60,?,4,1,1,22,1,94,52,603,6207,6890,55000
1248,44,?,0,?,?,?,1,1,15,2,?,?,210,?,?,0
1249,15,?,0,?,?,?,5,2,15,1,?,?,50,?,?,0
1250,39,?,0,?,?,?,1,1,23,2,?,?,190,2602,?,0
1251,31,1,0,138,?,4,3,1,16,2,49,12,51,?,8170,12400
1252,45,3,0,45,?,4,5,1,21,1,103,40,706,5507,8370,45000
1253,63,1,0,?,?,?,1,1,15,2,?,?,706,?,1680,0
1254,57,?,0,?,?,?,2,1,16,2,?,?,902,?,?,0
1255,37,1,0,?,?,?,5,1,17,1,?,?,999,?,8680,0
1256,72,?,0,?,?,?,5,1,18,1,?,?,900,?,?,0
1258,30,2,0,8,?,9,5,1,23,1,91,50,235,3608,8090,155000
1259,24,1,0,5,?,10,5,1,17,2,59,40,226,?,8590,20000
1260,16,?,0,?,?,?,5,2,15,1,?,?,999,?,?,0
1261,75,7,20,?,?,11,3,1,22,2,?,40,939,6006,7380,150000
1262,17,?,0,?,?,?,5,2,15,2,?,?,51,?,?,0
1263,62,1,0,138,1,1,1,1,21,1,118,40,902,6203,4080,55000
1264,53,1,0,5,1,1,4,1,20,2,95,35,51,?,1990,32000
1265,30,1,0,15,?,4,1,1,17,2,103,16,148,?,8680,9000
1266,16,1,0,10,?,12,5,2,15,1,282,16,32,?,8680,600
1267,91,?,0,?,?,?,2,1,18,1,?,?,370,?,?,0
1268,60,1,0,?,?,?,1,1,16,1,?,48,32,?,1270,50000
1269,38,1,0,45,?,4,1,1,20,2,121,40,999,?,5190,40000
1270,66,1,0,?,?,?,1,1,16,2,?,?,999,?,1890,0
1271,42,1,0,20,1,1,4,1,21,2,98,40,50,1901,6990,90000
1272,27,?,0,?,?,?,5,1,16,1,?,?,223,?,?,0
1273,67,?,0,?,?,?,1,1,16,2,?,?,234,?,?,0
1274,45,2,0,45,1,1,3,1,19,1,73,30,22,?,7290,12700
1275,58,?,0,?,?,?,5,1,15,2,?,?,999,?,?,0
1276,75,?,32000,?,?,?,1,1,24,1,?,?,50,3600,?,0
1277,26,1,0,25,1,1,5,1,21,1,84,38,999,2414,6870,65000
1278,78,?,200,?,?,?,1,1,19,1,?,?,50,?,?,0
1279,75,?,0,?,?,?,1,1,16,2,?,?,50,?,?,0
1282,17,?,0,?,?,?,5,2,15,1,?,?,935,?,?,0
1283,64,?,0,?,?,?,1,1,15,1,?,?,46,?,?,0
1284,42,1,0,20,1,1,5,1,20,2,74,21,902,?,7870,40000
1285,81,?,329000,?,?,?,1,1,18,1,?,?,142,?,?,0
1287,74,?,0,?,?,?,5,1,15,2,?,?,999,?,?,0
1289,43,1,0,45,?,4,3,1,16,2,91,40,210,?,8680,32000
1290,61,1,0,2,?,12,1,1,18,1,94,35,999,?,2980,60000
1291,20,1,0,20,1,1,5,1,19,2,80,40,51,?,8290,25000
1293,36,2,0,30,1,1,5,1,23,2,100,50,750,5098,8190,320000
1294,73,?,0,?,?,?,3,1,15,1,?,?,50,?,?,0
1295,41,1,0,45,?,4,5,1,16,2,103,38,999,?,6890,38000
1296,74,1,0,?,?,?,2,1,20,2,?,?,51,?,8190,0
1297,58,?,0,?,?,?,1,1,15,1,?,?,902,?,?,0
1298,52,?,0,?,?,?,5,1,15,2,?,?,999,?,?,0
1299,16,?,0,?,?,?,5,2,15,1,?,?,22,?,?,0
1301,25,1,0,20,1,1,5,2,20,1,89,40,51,?,5480,42000
1302,61,1,0,20,1,1,1,1,20,1,110,45,50,?,4780,90000
1303,18,?,0,?,?,?,5,2,18,1,?,?,32,?,?,0
1304,20,1,0,60,?,4,5,2,20,2,106,40,370,?,7890,920
1305,64,1,0,?,?,?,1,1,21,1,?,40,32,2306,770,31000
1306,20,1,0,15,1,1,5,2,19,2,121,10,999,?,8590,4000
1307,57,1,10000,45,?,2,1,1,21,1,121,40,51,6200,6680,92000
1308,15,?,0,?,?,?,5,2,15,2,?,?,902,?,?,0
1309,29,1,0,15,1,1,5,3,19,2,115,30,939,?,8660,20000
1311,56,3,0,138,?,4,2,1,16,2,266,40,51,?,6180,62000
1312,43,1,0,?,?,?,3,1,21,2,?,40,924,6000,7670,43000
1314,30,2,0,45,?,4,5,1,21,2,113,50,999,6002,8290,40000
1315,19,1,0,20,1,1,5,1,16,1,170,40,32,?,8680,15000
1316,62,1,500,25,1,1,2,1,20,2,93,40,32,?,7970,20300
1317,15,?,0,?,?,?,5,2,15,2,?,?,995,?,?,0
1318,40,3,0,30,?,4,5,1,15,1,193,40,999,?,8190,121000
1320,62,1,0,40,1,1,4,1,19,2,264,25,720,?,5380,12000
1321,48,3,0,25,1,1,1,1,19,1,111,43,32,?,9470,96000
1322,87,?,680,?,?,?,2,1,21,2,?,?,32,2602,?,0
1323,66,1,0,?,?,?,3,1,21,2,?,40,999,6201,4670,30000
1324,39,1,0,?,?,11,5,2,19,2,?,35,999,?,8170,13000
1325,17,9,0,?,?,?,5,2,15,1,?,?,224,?,9920,0
1326,19,1,0,?,?,?,5,2,16,2,?,2,999,?,3990,400
1327,55,1,0,5,?,2,3,1,16,2,95,20,999,?,5490,7000
1328,41,1,0,10,1,1,1,1,15,2,78,40,785,?,8990,20000
1331,58,6,0,15,1,1,1,1,21,2,127,40,32,6203,5490,0
1332,47,?,0,?,?,?,5,1,15,1,?,?,998,?,?,0
1333,58,2,0,45,?,4,1,1,15,2,109,1,275,?,8470,35000
1335,37,1,0,35,1,1,1,1,21,2,185,50,998,5507,6690,60000
1336,40,1,0,138,1,1,1,1,20,1,109,60,999,?,770,80000
1337,39,7,0,30,1,1,1,1,21,1,88,45,50,5200,4195,188000
1338,37,?,0,?,?,?,5,1,21,2,?,?,275,3301,?,0
1339,43,6,0,60,?,4,1,1,20,2,106,50,999,?,8560,0
1340,56,1,0,10,1,1,1,1,16,1,72,50,50,?,2570,66000
1341,32,2,0,?,?,?,5,1,15,1,?,45,999,?,8470,7000
1342,56,1,0,60,?,5,1,1,17,1,64,15,999,?,4970,9500
1343,22,1,0,?,?,?,1,3,19,1,?,?,917,?,8680,0
1344,56,1,200,30,1,1,4,1,16,1,49,46,51,?,6180,72000
1345,38,1,0,40,1,1,4,1,16,2,87,35,314,?,6290,20200
1346,21,1,0,?,?,?,5,1,16,1,?,20,999,?,4970,8000
1348,26,1,0,30,1,1,1,1,18,2,195,40,999,?,6780,55000
1349,22,1,0,20,1,1,5,1,21,2,86,15,999,6206,8190,6000
1350,44,1,0,90,?,5,1,1,21,1,100,60,32,6201,6870,150000
1351,58,6,0,?,?,?,1,1,15,1,?,30,706,?,8680,0
1352,52,1,0,60,?,4,1,1,15,1,180,40,496,?,4980,23400
1354,37,3,0,25,1,1,1,1,20,2,69,36,50,?,8180,52000
1355,31,1,0,30,1,1,1,1,16,2,100,35,999,?,8980,20900
1356,26,1,0,30,?,4,5,1,19,1,103,42,939,?,6970,60000
1357,18,?,0,?,?,?,5,2,15,1,?,?,275,?,?,0
1359,45,1,100,?,?,11,1,1,19,1,?,40,51,?,7490,40000
1360,78,6,100,?,?,?,1,1,17,1,?,?,22,?,770,0
1362,57,1,0,60,1,1,2,1,22,2,106,30,999,6102,7070,90000
1363,41,9,0,?,?,?,1,1,19,2,?,?,50,?,9920,0
1364,15,?,0,?,?,?,5,2,15,2,?,?,51,?,?,0
1365,72,?,0,?,?,?,1,1,16,1,?,?,902,?,?,0
1367,26,2,0,?,?,11,5,1,22,1,?,5,706,2499,7870,880
1368,24,1,0,20,1,1,5,1,21,2,94,40,999,5301,7580,18000
1370,35,1,5000,?,?,11,1,1,23,1,?,50,999,3600,7270,300000
1371,45,1,0,10,1,1,3,1,17,2,72,32,261,?,7860,14000
1372,49,1,0,?,?,?,4,1,16,2,?,?,88,?,6970,0
1373,35,1,0,?,?,11,5,1,18,1,?,40,999,?,7380,50000
1374,72,2,0,?,?,?,1,1,22,1,?,?,553,5501,7870,0
1375,31,3,0,30,?,2,5,3,22,2,88,35,335,2304,7390,118000
1376,65,?,0,?,?,?,1,1,15,2,?,?,999,?,?,0
1377,36,1,500,20,?,10,5,1,21,1,95,45,148,6203,6890,110000
1379,15,?,0,?,?,?,5,2,15,1,?,?,50,?,?,0
1380,15,?,0,?,?,?,5,2,15,1,?,?,261,?,?,0
1382,51,4,0,25,1,1,4,1,21,2,93,33,291,5200,7860,42000
1383,48,3,0,3,1,1,1,1,18,2,82,30,996,?,7860,9000
1384,74,?,0,?,?,?,1,1,17,2,?,?,999,?,?,0
1386,52,6,1500,?,?,11,1,1,22,1,?,3,148,6201,7280,8500
1387,25,3,0,15,1,1,5,1,21,2,193,25,750,1301,9370,25000
1388,38,1,0,20,1,1,5,1,21,2,86,50,50,6203,4970,74000
1389,16,?,0,?,?,?,5,2,15,2,?,?,314,?,?,0
1390,56,?,0,?,?,?,1,1,17,2,?,?,235,?,?,0
1391,54,?,0,?,?,?,1,1,16,2,?,?,998,?,?,0
1392,75,?,6000,?,?,?,1,1,15,1,?,?,22,?,?,0
1394,62,?,0,?,?,?,2,1,15,2,?,?,234,?,?,0
1395,16,?,0,?,?,?,5,2,15,2,?,?,234,?,?,0
1396,22,1,0,20,2,1,5,1,19,1,176,50,795,?,4970,12000
1397,46,4,0,45,1,1,1,1,18,1,91,40,261,?,9470,80000
1398,27,1,0,60,?,4,5,1,15,2,118,4,275,?,8370,11400
1399,30,1,8000,25,?,4,1,1,21,1,104,50,999,6201,6970,100000
1400,67,?,50000,?,?,?,3,1,21,1,?,?,50,6201,?,0
1401,72,?,0,?,?,?,1,1,21,2,?,?,999,6107,?,0
1402,37,2,0,15,2,1,5,1,21,1,89,38,920,5506,8370,22000
1403,39,1,0,20,1,1,1,1,19,1,101,45,999,?,5790,150000